Frequency;Cores;CacheSize;P_orig;P;P_dyn_orig;P_dyn;P_dyn_rest;P_dyn_mem_orig;P_dyn_mem;P_dyn_arm_orig;P_dyn_arm;P_idle;P_idle_kfc;P_idle_arm;rps_orig;rps;IPC_orig;IPC;memory_heaviness_orig;memory_heaviness;IPR_orig;IPR;measured_P;measured_rps;delta_rps_rel;delta_P_rel;delta_rps;delta_P
200;1;32;3.9943968501560447;3.992031326871202;0.16374389659788421;0.16137837331304117;0.08458977340481666;0.010763027923424186;0.010637667779911826;0.06839109526964338;0.06615093212831269;3.8306529535581606;0.013350799503448882;0.07175512122785198;4950.939281944631;4962.655421638921;0.8025624098795038;0.8035551110257039;0.0019111103774463775;0.0018967620072207615;32420.612097035177;32384.078391657873;4.019137861994686;4285.708959260702;-0.13640811316991608;0.0067901609240950235;-676.9464623782196;0.027106535123484043
300;1;32;4.1010040318369985;4.099160330398834;0.2761695016325949;0.2743258001944299;0.11309385931013141;0.0138553195570583;0.013736028292863502;0.1492203227654052;0.14749591259143502;3.824834530204404;0.014813362109801952;0.06447413526774234;7025.6687468352875;7042.790866206093;0.759254937211367;0.7602476383575671;0.0019111103774463775;0.0018967620072207615;32420.612097035177;32384.078391657873;4.139663817818562;6215.7114381660085;-0.1174363180381681;0.009880922958626265;-827.0794280400842;0.04050348741972787
400;1;32;4.202153590317877;4.200812510080785;0.37829571630367687;0.37695463606658425;0.13974025691899689;0.01655632456930304;0.016442878877560137;0.22199913481537692;0.22077150027002723;3.8238578740142004;0.01749535448626707;0.06081548670107363;8852.89862318029;8875.147508567747;0.7175409804912624;0.7185336816374625;0.0019111103774463775;0.0018967620072207615;32420.612097035177;32384.078391657873;4.2539831249364575;8065.952076102498;-0.09117543473886837;0.012657221603696436;-809.1954324652488;0.05317061485567276
500;1;32;4.300265996964495;4.299408337282872;0.47254301197694537;0.4716853522953227;0.16452896623141314;0.018894193465362787;0.018786370039206197;0.28911985228016945;0.28837001602470336;3.82772298498755;0.021396776632844235;0.060779175527845855;10447.374307611217;10474.487380195891;0.6774205397191895;0.6784132408653897;0.0019111103774463775;0.0018967620072207615;32420.612097035177;32384.078391657873;4.355626483996919;9718.042132969475;-0.07221787756951498;0.013075786783624081;-756.4452472264165;0.05621814671404657
600;1;32;4.397669258652928;4.397275818881171;0.5612393955284756;0.5608459557567189;0.18745998724738006;0.020896001372258853;0.020793576904822968;0.3528834069088367;0.35259239160451594;3.8364298631244522;0.026517628549533448;0.064365201748059;11823.841196759662;11855.57251256253;0.6388936148951487;0.6398863160413488;0.0019111103774463775;0.0018967620072207615;32420.612097035177;32384.078391657873;4.442992111166738;11322.60986535866;-0.04495461072328031;0.010396503237133498;-532.9626472038708;0.04571629228556695
700;1;32;4.4965989177695125;4.496650497262017;0.6466204093446053;0.6466719888371091;0.20853331996689772;0.02258774803882945;0.022490499223248632;0.4154993413388781;0.4156481696469627;3.8499785084249076;0.03285791023633471;0.07157356536171307;12997.04468725721;13033.164937139672;0.6019602060191398;0.6029529071653399;0.0019111103774463775;0.0018967620072207615;32420.612097035177;32384.078391657873;4.523101659957983;12501.66296284683;-0.04078072953548364;0.005882414635531884;-531.5019742928416;0.026451162695965813
800;1;32;4.599198052210842;4.599675450322003;0.7308291313219262;0.7313065294330869;0.2277489643899661;0.02399435783572964;0.023902061365138304;0.47908580909623044;0.4796555036779826;3.868368920888916;0.040417621693248015;0.08240426636880807;13981.730175735442;14022.026685399325;0.5666203130911628;0.567613014237363;0.0019111103774463775;0.0018967620072207615;32420.612097035177;32384.078391657873;4.656974295162913;13835.336586936757;-0.013314059561515625;0.012457149522777369;-186.69009846256813;0.057298844840909524
900;1;32;4.707517275383768;4.708401291467983;0.8159161748672913;0.8168001909515061;0.24510692051658522;0.02513967975543136;0.025052112322963872;0.5456695745952747;0.546641158111957;3.891601100516477;0.049196762920273376;0.09685730476934401;14792.64305882595;14836.919788813491;0.5328739361112178;0.5338666372574179;0.0019111103774463775;0.0018967620072207615;32420.612097035177;32384.078391657873;4.7849491767113275;14850.866470239998;9.399984380196141e-4;0.016257723270540952;13.946681426506984;0.0765478852433441
1e3;1;32;4.823514736205409;4.824786169617072;0.9038396888978173;0.9051111223094805;0.26060718834675517;0.02604648741222345;0.025963425711014197;0.6171860131388387;0.6185405082517113;3.9196750473075914;0.059195333917410775;0.11493268056332087;15444.528733160316;15492.606278854188;0.5007210750793047;0.501713776225505;0.0019111103774463775;0.0018967620072207615;32420.612097035177;32384.078391657873;4.921084978003544;15803.098837519412;0.020041337982558475;0.019959186791093656;310.49255866522435;0.09629880838647242
1100;1;32;4.949056119103133;4.95069576919664;0.9964653578408745;0.9981050079343816;0.2742497678804757;0.026736479042211596;0.026657699765394997;0.6954791109181873;0.6971975402885109;3.952590761262259;0.07041333468466024;0.13663039375073865;15952.132595370134;16003.848186993406;0.4701617299954237;0.4711544311416238;0.0019111103774463775;0.0018967620072207615;32420.612097035177;32384.078391657873;5.06734824438101;16272.794619078388;0.016805110179910307;0.023562844622807194;268.946432084982;0.11665247518436939
1200;1;32;5.085914644014575;5.087903310144323;1.095566401634096;1.0975550677638448;0.28603465911774706;0.02723027750331842;0.02715555734402881;0.7823014650130307;0.7843648513020689;3.990348242380479;0.08285076522202174;0.16195044433159736;16330.200042086975;16385.40754470316;0.4411959008595745;0.4421886020057746;0.0019111103774463775;0.0018967620072207615;32420.612097035177;32384.078391657873;5.237447805411709;17015.749855138754;0.038469736484483194;0.02939216532853961;630.3423104355934;0.1495444952673859
1300;1;32;5.235771066387626;5.238089547908011;1.2028235757253738;1.2051420572457583;0.2959618620585691;0.027547430275283342;0.027476545926655153;0.8793142833915213;0.8817036492605341;4.032947490662252;0.09650762552949528;0.19089283230589701;16593.476469942438;16652.04638345546;0.4138235876717572;0.4148162888179574;0.0019111103774463775;0.0018967620072207615;32420.612097035177;32384.078391657873;5.38783187998759;17402.557751897897;0.04507021846804978;0.02858720354244094;750.5113684424359;0.14974233207957877
1400;1;32;5.400213677180437;5.402842773445853;1.3198251710728583;1.3224542673382746;0.3040313767029419;0.02770640945966279;0.02763913761483037;0.9880873849102536;0.9907837530205024;4.080388506107578;0.11138391560708089;0.22345755767363754;16756.707275568107;16818.526734722305;0.38804479043197193;0.389037491578172;0.0019111103774463775;0.0018967620072207615;32420.612097035177;32384.078391657873;5.490017529006004;17329.6007860038;0.030387563628053654;0.01613497916108202;511.0740512814955;0.08717475556015142
1500;1;32;5.580738302861419;5.583658813226264;1.4480670141449616;1.4509875245098067;0.3102432030508654;0.0277246117798299;0.02766072913192765;1.1100991993142664;1.1130835923270137;4.132671288716457;0.1274796354547785;0.25964462043481906;16834.637855595563;16899.610629975716;0.3638595091402186;0.3648522102864188;0.0019111103774463775;0.0018967620072207615;32420.612097035177;32384.078391657873;5.63145283718017;17284.99950024607;0.02280460057386003;0.008559624710717322;385.38887027035526;0.047794023953906084
1600;1;32;5.778748305409242;5.781941029227911;1.588952466920353;1.5921451907390223;0.3145973411023396;0.027618358580974826;0.027557641823137156;1.2467367672370386;1.2499902078135454;4.189795838488889;0.14479478507258822;0.2994540205894415;16842.013606656397;16910.06010068768;0.34126774379649716;0.34226044494269736;0.0019111103774463775;0.0018967620072207615;32420.612097035177;32384.078391657873;6.1128624455001654;17065.50096454541;0.009192212383172336;0.057233620093915666;155.4408638577297;0.330921416272254
1700;1;32;5.995554582312837;5.999000318939727;1.7437924268879632;1.7472381635148522;0.3170937908573646;0.027402895830104572;0.027345121655465855;1.3992957402004942;1.4027992510020217;4.251762155424874;0.16332936446050994;0.3428857581375049;16793.5799253822;16864.637178330217;0.32026949440080776;0.32126219554700797;0.0019111103774463775;0.0018967620072207615;32420.612097035177;32384.078391657873;6.11487793977913;17244.43863445891;0.022520582691023482;0.019316155138975492;379.80145612869455;0.11587762083940323
1800;1;32;6.232375566571394;6.236055115360898;1.9138053270469804;1.9174848758364846;0.3177325523159402;0.027092394116042966;0.02703733921773755;1.5689803806149971;1.5727149843028068;4.318570239524413;0.18308337361854374;0.38993983307900915;16704.08220840454;16778.103894375323;0.3008647609531502;0.3018574620993504;0.0019111103774463775;0.0018967620072207615;32420.612097035177;32384.078391657873;6.435643860515831;17272.259421674262;0.029452405969699547;0.03200560955006601;494.155527298939;0.19958874515493275
1900;1;32;6.490337226694358;6.494231387000874;2.1001171359068542;2.10401129621337;0.3165136254780667;0.026699948649430795;0.026647389720593113;1.7569035617793567;1.7608502810147102;4.390220090787504;0.20405681254668956;0.4406162454139543;16588.26585235503;16665.222280295024;0.28305354345352474;0.28404624459972494;0.0019111103774463775;0.0018967620072207615;32420.612097035177;32384.078391657873;6.8363375573642715;17263.478680212807;0.035898495072889766;0.05267846954886324;598.2563999177837;0.3421061703633974
2e3;1;32;6.77047306670144;6.774562637879363;2.3037613574872924;2.3078509286652156;0.31343701034374394;0.02623757926272565;0.026187292996490065;1.964086767880823;1.9682266253249816;4.466711709214148;0.22624968124494746;0.4949149951423405;16460.87625386523;16540.754367561305;0.2668358419019311;0.2678285430481313;0.0019111103774463775;0.0018967620072207615;32420.612097035177;32384.078391657873;7.5102781674578365;17241.226279747098;0.04234824462175161;0.10859970877895285;700.4719121857925;0.7357155295784734
200;2;32;3.953925320445033;3.949524004815701;0.12327236688687229;0.11887105125754047;0.08458977340481666;0.009154191401372212;0.008929455562814194;0.029528402080683414;0.02535182228990962;3.8306529535581606;0.013350799503448882;0.07175512122785198;4746.2871455337945;4777.5056397822655;0.8354411533700297;0.8370145185164529;0.001775001879979899;0.0017522606695890624;35203.98693771281;35039.812890921035;4.044370813924041;4710.424893925041;-0.01404095587007651;0.024014744306577716;-67.08074585722443;0.09484680910833987
300;2;32;4.07781549480747;4.0742412320221355;0.25298096460306574;0.24940670181773175;0.11309385931013141;0.012447487261827324;0.012232370192455384;0.12743961803110704;0.12408047231514496;3.824834530204404;0.014813362109801952;0.06447413526774234;6750.374741106163;6795.47332332333;0.7921336807018929;0.7937070458483162;0.001775001879979899;0.0017522606695890624;35203.98693771281;35039.812890921035;4.148724199415305;6798.958045583915;5.128005209916306e-4;0.01828143282429111;3.484722260584931;0.07448296739316973
400;2;32;4.195612111273785;4.192834469589022;0.3717542372595851;0.3689765955748219;0.13974025691899689;0.015342100469184695;0.015136248242501767;0.21667187987140357;0.21410009041332323;3.8238578740142004;0.01749535448626707;0.06081548670107363;8526.531103531226;8584.441834426074;0.7504197239817882;0.7519930891282115;0.001775001879979899;0.0017522606695890624;35203.98693771281;35039.812890921035;4.248684461315194;8709.890244598593;0.014613461491396584;0.01332034263008862;125.44841017251929;0.055849991726171666
500;2;32;4.309735641209797;4.307724188882175;0.48201265622224765;0.4800012038946254;0.16452896623141314;0.017866181528648765;0.01766924021815778;0.2996175084621857;0.29780299744505445;3.82772298498755;0.021396776632844235;0.060779175527845855;10088.335796545765;10158.054361936787;0.7102992832097154;0.7118726483561386;0.001775001879979899;0.0017522606695890624;35203.98693771281;35039.812890921035;4.3524106378705065;10377.707767931584;0.02162357063355161;0.010373563169077274;219.65340599479714;0.044686448988331406
600;2;32;4.422514091491581;4.421238396777671;0.5860842283671287;0.5848085336532187;0.18745998724738006;0.02004680556724086;0.019858421246444748;0.3785774355525078;0.37749012515939384;3.8364298631244522;0.026517628549533448;0.064365201748059;11449.368383886565;11529.954094701765;0.6717723583856745;0.6733457235320979;0.001775001879979899;0.0017522606695890624;35203.98693771281;35039.812890921035;4.459729702836921;11911.671214842207;0.03310656026946786;0.008706001035208607;381.7171201404417;0.03849130605925044
700;2;32;4.536183004505471;4.5356126356618445;0.6862044960805631;0.6856341272369368;0.20853331996689772;0.021909972333799134;0.02172979107620083;0.4557612037798662;0.45537101619383824;3.8499785084249076;0.03285791023633471;0.07157356536171307;12623.20842929041;12713.784221567297;0.6348389495096656;0.6364123146560889;0.001775001879979899;0.0017522606695890624;35203.98693771281;35039.812890921035;4.56176569238684;13338.496176569706;0.04913658625279055;0.005766157479887816;624.711955002409;0.02615305672499524
800;2;32;4.65288545814806;4.65298998343129;0.784516537259144;0.7846210625423737;0.2277489643899661;0.023480606198978675;0.023308274078081066;0.5332869666701994;0.5335638240743266;3.868368920888916;0.040417621693248015;0.08240426636880807;13623.435496494089;13723.187931379678;0.5994990565816887;0.601072421728112;0.001775001879979899;0.0017522606695890624;35203.98693771281;35039.812890921035;4.70301742587719;14596.577982238332;0.06364337901848194;0.010751676368107779;873.3900508586539;0.050027442445900405
900;2;32;4.774672065826204;4.7754210534928605;0.8830709653097267;0.8838199529763834;0.24510692051658522;0.024782556155251385;0.024617719244557475;0.6131814886378901;0.6140953132152407;3.891601100516477;0.049196762920273376;0.09685730476934401;14463.629149234373;14571.808412985196;0.5657526796017436;0.567326044748167;0.001775001879979899;0.0017522606695890624;35203.98693771281;35039.812890921035;4.878869909304251;15944.019311451802;0.09416888141651691;0.02166277164936604;1372.2108984666065;0.10344885581139085
1e3;2;32;4.903500976457015;4.904863994763669;0.9838259291494234;0.9851889474560782;0.26060718834675517;0.025838595816906167;0.025680900189918844;0.697380144985762;0.6989008589194041;3.9196750473075914;0.059195333917410775;0.11493268056332087;15157.368951248065;15273.288855230147;0.5335998185698306;0.5351731837162539;0.001775001879979899;0.0017522606695890624;35203.98693771281;35039.812890921035;5.101738605271639;17177.57106152067;0.12468055992003489;0.040138648231255535;1904.2822062905234;0.19687461050796973
1100;2;32;5.041237874467866;5.0431844916710915;1.0886471132056075;1.0905937304088327;0.2742497678804757;0.026670423420048696;0.026519515150270852;0.7877269219050831;0.789824447378086;3.952590761262259;0.07041333468466024;0.13663039375073865;15718.234466271932;15841.272446960826;0.5030404734859495;0.5046138386323729;0.001775001879979899;0.0017522606695890624;35203.98693771281;35039.812890921035;5.2196393808303725;17260.712238195676;0.08960389993842775;0.03498878326793306;1419.4397912348504;0.17645488915928098
1200;2;32;5.189655979796392;5.192155764152758;1.199307737415913;1.2018075217722788;0.28603465911774706;0.02729866182260155;0.02715418698353616;0.8859744164755643;0.8886186756709957;3.990348242380479;0.08285076522202174;0.16195044433159736;16159.805258042768;16289.402377023514;0.4740746443501004;0.47564800949652364;0.001775001879979899;0.0017522606695890624;35203.98693771281;35039.812890921035;5.364663551084926;17227.564390125008;0.05759339669973327;0.03322469409010847;938.1620131014934;0.17250778693216873
1300;2;32;5.350436047890481;5.353458567656562;1.3174885572282287;1.320511076994309;0.2959618620585691;0.027742858504304198;0.027604463169454162;0.9937838366653553;0.9969447517662857;4.032947490662252;0.09650762552949528;0.19089283230589701;16495.66089029735;16631.32183426452;0.4467023311622831;0.44827569630870645;0.001775001879979899;0.0017522606695890624;35203.98693771281;35039.812890921035;5.512391670712119;17204.718073383643;0.03447688913924986;0.02968792997031245;573.3962391191235;0.1589331030555572
1400;2;32;5.525166369708286;5.528681193140649;1.444777863600708;1.448292687033071;0.3040313767029419;0.028021485566713;0.027888815809581267;1.1127250013310532;1.1163724945205478;4.080388506107578;0.11138391560708089;0.22345755767363754;16739.380926772465;16880.674007530117;0.4209235339224978;0.4224968990689211;0.001775001879979899;0.0017522606695890624;35203.98693771281;35039.812890921035;5.636038331068986;17204.024209612286;0.01915505280997246;0.019418218229246616;323.35020208216883;0.10735713792833668
1500;2;32;5.715342771718219;5.719319467073438;1.5826714830017616;1.5866481783569806;0.3102432030508654;0.028151939733201188;0.02802464162729066;1.244276340217695;1.2483803336788246;4.132671288716457;0.1274796354547785;0.25964462043481906;16904.544931204906;17051.102085666622;0.3967382526307446;0.39831161777716784;0.001775001879979899;0.0017522606695890624;35203.98693771281;35039.812890921035;5.821905552365263;17204.21262519286;0.008979509873144513;0.01793676430953381;153.11053952623843;0.10258608529182478
1600;2;32;5.922368615898948;5.926776751433594;1.7325727774100588;1.7369809129447047;0.3145973411023396;0.02815054234895884;0.02802826196777248;1.3898248939587603;1.3943553098745927;4.189795838488889;0.14479478507258822;0.2994540205894415;17004.732467331443;17156.2492575203;0.37414648728702316;0.3757198524334464;0.001775001879979899;0.0017522606695890624;35203.98693771281;35039.812890921035;6.34802440899334;17203.31818155377;0.002743543960393113;0.07107533744338408;47.06892403346865;0.42124765755974636
1700;2;32;6.147554799739405;6.152363943710048;1.8957926443145303;1.900601788285174;0.3170937908573646;0.02803253938099296;0.02791492279803371;1.5506663140761727;1.5555930746297757;4.251762155424874;0.16332936446050994;0.3428857581375049;17053.523098888865;17209.758711937466;0.35314823789133376;0.354721603037757;0.001775001879979899;0.0017522606695890624;35203.98693771281;35039.812890921035;6.3503571013858355;17209.639841154025;-6.907173158583779e-6;0.03218163936452562;-0.11887078344079782;0.1979931576757874
1800;2;32;6.3921197562387775;6.39729947690199;2.073549516714364;2.078729237377577;0.3177325523159402;0.027812101418127448;0.02769879470689817;1.7280048629802964;1.7332978903547391;4.318570239524413;0.18308337361854374;0.38993983307900915;17064.496389613952;17225.273637764392;0.3337435044436762;0.33531686959009943;0.001775001879979899;0.0017522606695890624;35203.98693771281;35039.812890921035;6.699713496720032;17231.77339691366;3.773385135094979e-4;0.047272137393275765;6.499759149268357;0.30241401981804206
1900;2;32;6.657189453906515;6.66270931951887;2.2669693631190104;2.2724892287313656;0.3165136254780667;0.02750232367100302;0.027392972905006675;1.9229534139699407;1.9285826303482922;4.390220090787504;0.20405681254668956;0.4406162454139543;17051.231903243508;17216.43722384739;0.31593228694405073;0.317505652090474;0.001775001879979899;0.0017522606695890624;35203.98693771281;35039.812890921035;7.209372788658826;17263.82372763129;0.002752398952685816;0.0820482243669956;47.38650378389866;0.5466634691399568
2e3;2;32;6.943797396762324;6.949626975580392;2.477085687548177;2.482915266366244;0.31343701034374394;0.02711522597207728;0.027009477224816815;2.1365334512323555;2.1424687787976833;4.466711709214148;0.22624968124494746;0.4949149951423405;17027.30920351429;17196.89265903274;0.2997145853924571;0.30128795053888036;0.001775001879979899;0.0017522606695890624;35203.98693771281;35039.812890921035;7.991968398210803;17276.196278017298;0.004611508634549992;0.1499852332064716;79.30361898455885;1.042341422630411
200;1;64;4.035576778905585;4.040545870713969;0.20492382534742445;0.20989291715580877;0.08458977340481666;0.012829890391506817;0.013062505516160998;0.10750416155110099;0.1122406382348311;3.8306529535581606;0.013350799503448882;0.07175512122785198;4289.351053443947;4248.692549665978;0.7842946972884404;0.781946937571233;0.0021751494635651337;0.0022090836699999944;36569.387187776345;36808.82664163157;4.019730422098498;3890.5637070252596;-0.08429154109277062;-0.005151642694206733;-358.1288426407182;-0.0208154486154708
300;1;64;4.1325813812449725;4.136316353080918;0.3077468510405684;0.31148182287651416;0.11309385931013141;0.015810502348385276;0.016028764441973813;0.17884248938205172;0.1823591991244089;3.824834530204404;0.014813362109801952;0.06447413526774234;6078.7501372294155;6020.073435872683;0.7409872246203036;0.7386394649030963;0.0021751494635651337;0.0022090836699999944;36569.387187776345;36808.82664163157;4.132634708690541;5654.946235208732;-0.060651619046408096;-8.900780491885307e-4;-365.12720066395104;-0.0036816443903768814
400;1;64;4.224481691169488;4.227027952975822;0.4006238171552877;0.40317007896162194;0.13974025691899689;0.018403936982686227;0.018608374170784127;0.24247962325360461;0.2448214478718409;3.8238578740142004;0.01749535448626707;0.06081548670107363;7648.728312668443;7573.460735037437;0.699273267900199;0.6969255081829916;0.0021751494635651337;0.0022090836699999944;36569.387187776345;36808.82664163157;4.248645814281241;7330.3067879248465;-0.03210605502814279;0.005114198804907367;-243.15394711259069;0.021617861305418984
500;1;64;4.313698180044948;4.315101141764497;0.4859751950573987;0.48737815677694707;0.16452896623141314;0.02063834479961408;0.020829485207796393;0.3008078840263715;0.3020197053377376;3.82772298498755;0.021396776632844235;0.060779175527845855;9012.358119969453;8921.841951191924;0.6591528271281261;0.6568050674109188;0.0021751494635651337;0.0022090836699999944;36569.387187776345;36808.82664163157;4.354608386697267;8829.295187950664;-0.010373055670291967;0.0091555779655757;-92.54676324126012;0.03950724493276958
600;1;64;4.402558854747427;4.402863926323019;0.5661289916229746;0.5664340631985666;0.18745998724738006;0.02254080092619016;0.02271917268003191;0.35612820344940443;0.3562549032711546;3.8364298631244522;0.026517628549533448;0.064365201748059;10182.712099340868;10078.204588367817;0.6206259023040852;0.618278142586878;0.0021751494635651337;0.0022090836699999944;36569.387187776345;36808.82664163157;4.457934321390186;10276.473769917442;0.019673065754039782;0.012507857610116583;198.2691815496255;0.055070395067167155
700;1;64;4.493299257663261;4.492551849037724;0.6433207492383529;0.6425733406128162;0.20853331996689772;0.02413730511125265;0.02430343633632886;0.4106501241602025;0.4097365843095897;3.8499785084249076;0.03285791023633471;0.07157356536171307;11172.86279099111;11055.536150596798;0.5836924934280763;0.581344733710869;0.0021751494635651337;0.0022090836699999944;36569.387187776345;36808.82664163157;4.540357492055095;11210.75923964221;0.014040304054998983;0.010641088767313837;155.22308904541205;0.047805643017370336
800;1;64;4.588062466689043;4.586307987805204;0.7196935458001266;0.7179390669162888;0.2277489643899661;0.0254527817254566;0.0256072005473423;0.4664917996847038;0.46458290197898044;3.868368920888916;0.040417621693248015;0.08240426636880807;11995.882735128605;11866.824141910549;0.5483526005000994;0.5460048407828921;0.0021751494635651337;0.0022090836699999944;36569.387187776345;36808.82664163157;4.667631437230659;12061.06314529886;0.016368238128878082;0.017731789849632862;194.23900338831118;0.08132344942545444
900;1;64;4.688899095231626;4.686182956032315;0.7972979947151493;0.7945818555158377;0.24510692051658522;0.026511079761274016;0.02665431430554422;0.5256799944372901;0.5228206206937083;3.891601100516477;0.049196762920273376;0.09685730476934401;12664.844471961771;12525.056066340745;0.5146062235201543;0.512258463802947;0.0021751494635651337;0.0022090836699999944;36569.387187776345;36808.82664163157;4.78643905086118;12846.052203062745;0.025628319348176845;0.021393977949539816;320.9961367220003;0.10025609482886466
1e3;1;64;4.797767292208127;4.794134902636169;0.878092244900536;0.8744598553285774;0.26060718834675517;0.027334972832993666;0.02746755122522341;0.5901500837207871;0.5863851157565989;3.9196750473075914;0.059195333917410775;0.11493268056332087;13192.820541699037;13043.219427919072;0.48245336248824133;0.480105602771034;0.0021751494635651337;0.0022090836699999944;36569.387187776345;36808.82664163157;4.924556434178662;13477.165939186267;0.0332698927335632;0.027204393324596985;433.9465112671951;0.1304215315424928
1100;1;64;4.916532742045916;4.91202951204414;0.963941980783658;0.959438750781881;0.2742497678804757;0.02794615917672128;0.02806860954248557;0.661746053726461;0.6571203733589197;3.952590761262259;0.07041333468466024;0.13663039375073865;13592.883484548818;13434.301730677207;0.4518940174043602;0.44954625768715295;0.0021751494635651337;0.0022090836699999944;36569.387187776345;36808.82664163157;5.040752298455358;13795.162283676404;0.02686113206577547;0.026205621545146163;360.86055299919644;0.1287227864112177
1200;1;64;5.046968664682627;5.041640004193859;1.0566204223021485;1.0512917618133795;0.28603465911774706;0.028365261650379454;0.028478112115253314;0.742220501534022;0.7367789905803792;3.990348242380479;0.08285076522202174;0.16195044433159736;13878.105840719538;13711.290478646824;0.422928188268511;0.42058042855130373;0.0021751494635651337;0.0022090836699999944;36569.387187776345;36808.82664163157;5.185935842933291;14122.918962236632;0.03002113362202152;0.02862081358831661;411.62848358980773;0.1442958387394322
1300;1;64;5.190755815566151;5.184647134533218;1.1578083249038986;1.151699643870966;0.2959618620585691;0.028611827733707622;0.028715606423266087;0.833234635111622;0.8270221753891307;4.032947490662252;0.09650762552949528;0.19089283230589701;14061.560150419626;13887.173175859612;0.3955558750806938;0.39320811536348654;0.0021751494635651337;0.0022090836699999944;36569.387187776345;36808.82664163157;5.326912710989915;14296.598794927308;0.029482286559183186;0.027439779943578567;409.42561906769515;0.14226557645669669
1400;1;64;5.349482485654638;5.342639194020369;1.2690939795470597;1.2622506879127908;0.3040313767029419;0.028704329528262205;0.028799564568080298;0.9363582733158555;0.9294197466417686;4.080388506107578;0.11138391560708089;0.22345755767363754;14156.318953857495;13974.937326347237;0.3697770778409084;0.36742931812370117;0.0021751494635651337;0.0022090836699999944;36569.387187776345;36808.82664163157;5.4262851660683324;14287.217393544846;0.02234572219575262;0.015656301878214526;312.28006719760924;0.08364597204796365
1500;1;64;5.524644501416501;5.517112009123723;1.3919732127000435;1.3844407204072664;0.3102432030508654;0.02866016375741636;0.028747383273069076;1.0530698458917618;1.0454501340833318;4.132671288716457;0.1274796354547785;0.25964462043481906;14175.454791241582;13987.570434141393;0.3455917965491552;0.3432440368319478;0.0021751494635651337;0.0022090836699999944;36569.387187776345;36808.82664163157;5.573719107358253;14269.634171424097;0.020165313097850947;0.010260277141540274;282.0637372827041;0.056607098234529474
1600;1;64;5.717645224830408;5.7094689418219495;1.527849386341519;1.5196731033330608;0.3145973411023396;0.0284956517663602;0.028575383883422616;1.1847563934728194;1.1765003783472987;4.189795838488889;0.14479478507258822;0.2994540205894415;14132.040202780296;13938.060003273755;0.32300003120543375;0.3206522714882265;0.0021751494635651337;0.0022090836699999944;36569.387187776345;36808.82664163157;6.030063864973476;14255.470129960937;0.02277290574245119;0.056151443578782566;317.4101266871821;0.3205949231515266
1700;1;64;5.929795553385292;5.92102088960398;1.6780333979604174;1.6692587341791056;0.3170937908573646;0.028226039522100767;0.02829881236614786;1.332713567580952;1.3238661309555932;4.251762155424874;0.16332936446050994;0.3428857581375049;14039.14772868207;13839.393537775999;0.30200178180974435;0.299654022092537;0.0021751494635651337;0.0022090836699999944;36569.387187776345;36808.82664163157;6.026201373435072;14246.33894429095;0.0294048583418163;0.017763910276987104;406.9454065149512;0.10518048383109146
1800;1;64;6.162313920080338;6.152986285469002;1.8437436805559255;1.8344160459445884;0.3177325523159402;0.02786549761346186;0.027931839310068686;1.4981456306265235;1.4887516543185795;4.318570239524413;0.18308337361854374;0.38993983307900915;13909.849909155311;13704.558541679806;0.28259704836208677;0.2802492886448795;0.0021751494635651337;0.0022090836699999944;36569.387187776345;36808.82664163157;6.334829261572698;14248.378905921496;0.03968171339396041;0.029553613102167912;543.8203642416902;0.18184297610369615
1900;1;64;6.4163262934250005;6.406491097926464;2.0261062026374965;2.0162710071389602;0.3165136254780667;0.027427121251084284;0.027487559925825848;1.6821654559083452;1.6722698217350676;4.390220090787504;0.20405681254668956;0.4406162454139543;13757.219284408464;13546.542519016864;0.2647858308624613;0.2624380711452541;0.0021751494635651337;0.0022090836699999944;36569.387187776345;36808.82664163157;6.744023241670186;14245.92995705574;0.051628482844021883;0.052685961563728456;699.3874380388752;0.3375321437437222
2e3;1;64;6.692866177438981;6.682568830996075;2.2261544682248333;2.215857121781928;0.31343701034374394;0.026922930267425642;0.02697799404587698;1.8857945276136636;1.875442117392307;4.466711709214148;0.22624968124494746;0.4949149951423405;13594.328394649932;13378.332973818839;0.2485681293108677;0.24622036959366045;0.0021751494635651337;0.0022090836699999944;36569.387187776345;36808.82664163157;7.383316182012802;14242.508067154326;0.06459512519434689;0.10486197280399373;864.175093335487;0.7007473510167266
200;2;64;4.001178856383956;4.0064368104526835;0.17052590282579574;0.1757838568945226;0.08458977340481666;0.011450566014017872;0.011691426455902855;0.07448556340696122;0.0795026570338031;3.8306529535581606;0.013350799503448882;0.07175512122785198;4155.915740451466;4133.637006137442;0.8177338157214633;0.8156608518148805;0.0020309413812730666;0.002060903725640093;39352.76202845398;39464.56114089473;4.038354028509074;4086.5756208349258;-0.011384982578935072;0.007966484825898052;-47.0613853025161;0.031917218056390695
300;2;64;4.1157610172854495;4.119929300149534;0.2909264870810454;0.2950947699451298;0.11309385931013141;0.014635608050413869;0.014863795425659555;0.16319701972050016;0.16713711520933883;3.824834530204404;0.014813362109801952;0.06447413526774234;5903.725455103087;5871.242629983797;0.7744263430533266;0.7723533791467437;0.0020309413812730666;0.002060903725640093;39352.76202845398;39464.56114089473;4.141341913239172;5869.248743252794;-3.3960216885270053e-4;0.005197325373729399;-1.993886731002931;0.021412613089638377
400;2;64;4.224592112405478;4.227710818956996;0.4007342383912782;0.4038529449427952;0.13974025691899689;0.017425950676890407;0.017641931296102288;0.2435680307953909;0.24647075672769603;3.8238578740142004;0.01749535448626707;0.06081548670107363;7447.633645673306;7405.524362155106;0.7327123863332219;0.730639422426639;0.0020309413812730666;0.002060903725640093;39352.76202845398;39464.56114089473;4.244302058491768;7509.380853665548;0.014024191459174136;0.003924402648444543;103.85649151044163;0.016591239534772484
500;2;64;4.3300926131098585;4.332201838240886;0.5023696281223086;0.504478853253336;0.16452896623141314;0.019849744398651913;0.020053984572435436;0.3179909174922435;0.3198959024494874;3.82772298498755;0.021396776632844235;0.060779175527845855;8799.788246888123;8748.595723506265;0.6925919455611491;0.6905189816545663;0.0020309413812730666;0.002060903725640093;39352.76202845398;39464.56114089473;4.344832123394175;8906.994922907288;0.01810567140226017;0.0029154424527961784;158.399199401023;0.012630285153289122
600;2;64;4.4345905262746665;4.435730364877279;0.5981606631502143;0.5993005017528268;0.18745998724738006;0.02193406434271971;0.022127030381680297;0.3887666115601145;0.3897134841237664;3.8364298631244522;0.026517628549533448;0.064365201748059;9972.337193473542;9912.57023489217;0.6540650207371083;0.6519920568305254;0.0020309413812730666;0.002060903725640093;39352.76202845398;39464.56114089473;4.463532030946525;10204.691428775777;0.029469772920785307;0.0062676636725675595;292.1211938836077;0.027801666069246167
700;2;64;4.540321394286235;4.5405319412525085;0.6903428858613277;0.6905534328276013;0.20853331996689772;0.023704910257931956;0.023887068472675056;0.45810465563649805;0.4581330443880285;3.8499785084249076;0.03285791023633471;0.07157356536171307;10977.428420155566;10909.561417167719;0.6171316118610993;0.6150586479545165;0.0020309413812730666;0.002060903725640093;39352.76202845398;39464.56114089473;4.553393200581969;11394.877879334255;0.04448542371307642;0.0028325446216137294;485.31646216653644;0.01286125932946014
800;2;64;4.649428295041161;4.648749645263171;0.7810593741522447;0.7803807243742553;0.2277489643899661;0.025187206514943737;0.025359023216074812;0.5281232032473349;0.5272727367682144;3.868368920888916;0.040417621693248015;0.08240426636880807;11827.209861660196;11751.682791187806;0.5817917189331223;0.5797187550265395;0.0020309413812730666;0.002060903725640093;39352.76202845398;39464.56114089473;4.68342751079309;12331.299396506292;0.04932200907882922;0.0074596113312432625;579.6166053184861;0.03467786552991825
900;2;64;4.763961841946296;4.76243409031612;0.872360741429819;0.8708329897996427;0.24510692051658522;0.02640480210622701;0.026566743604351482;0.6008490188070068;0.599159325678706;3.891601100516477;0.049196762920273376;0.09685730476934401;12533.82945271344;12451.047877807332;0.5480453419531773;0.5459723780465945;0.0020309413812730666;0.002060903725640093;39352.76202845398;39464.56114089473;4.830862589910442;13155.943872305126;0.056613387195642885;0.014368387739677918;704.8959944977942;0.06842849959432229
1e3;2;64;4.885880183918756;4.883543425328468;0.9662051366111646;0.9638683780208768;0.26060718834675517;0.02738047064607061;0.027533003251793926;0.6782174776183387;0.6757281864223277;3.9196750473075914;0.059195333917410775;0.11493268056332087;13109.4351280413;13019.770197881197;0.5158924809212644;0.5138195170146815;0.0020309413812730666;0.002060903725640093;39352.76202845398;39464.56114089473;5.0194112930649;14012.873514977387;0.07627656264300317;0.027821574603341163;993.103317096191;0.13586786773643222
1100;2;64;5.0170490053859105;5.013943334727587;1.0644582441236516;1.0613525734653284;0.2742497678804757;0.0281359103705802;0.02827950039450782;0.7620725658725958;0.758823305190345;3.952590761262259;0.07041333468466024;0.13663039375073865;13566.174822369772;13469.963272264287;0.48533313583738324;0.4832601719308004;0.0020309413812730666;0.002060903725640093;39352.76202845398;39464.56114089473;5.185111219908417;14190.23322361362;0.053472302543870025;0.034138376474118916;720.2699513493335;0.1711678851808296
1200;2;64;5.159241526285394;5.155407038451113;1.1688932839049149;1.1650587960706342;0.28603465911774706;0.028691744137678395;0.02882685789041576;0.8541668806494895;0.8501972790624714;3.990348242380479;0.08285076522202174;0.16195044433159736;13916.196470424862;13813.740621811507;0.456367306701534;0.4542943427949512;0.0020309413812730666;0.002060903725640093;39352.76202845398;39464.56114089473;5.293598253458868;14207.188012503671;0.02848232071702016;0.026805102677066917;393.44739069216484;0.13819121500775555
1300;2;64;5.3141385020650995;5.309615291946934;1.281191011402847;1.2766678012846817;0.2959618620585691;0.02906751942710465;0.029194623219257206;0.9561616299171734;0.9515113160068553;4.032947490662252;0.09650762552949528;0.19089283230589701;14171.648006932575;14063.215767377753;0.4289949935137167;0.4269220296071339;0.0020309413812730666;0.002060903725640093;39352.76202845398;39464.56114089473;5.445991252963066;14204.463361927663;0.010043762172629114;0.025684716032623383;141.24759454991;0.1363759610161317
1400;2;64;5.483328223683175;5.478156386173202;1.4029397175755967;1.3977678800656244;0.3040313767029419;0.029281708340415373;0.029401268482588526;1.0696266325322394;1.0643352348800939;4.080388506107578;0.11138391560708089;0.22345755767363754;14344.677366618913;14230.502229817921;0.40321619627393146;0.4011432323673486;0.0020309413812730666;0.002060903725640093;39352.76202845398;39464.56114089473;5.5663891414071225;14185.497302260763;-0.003162567759756014;0.0161062863149761;-45.004927557158226;0.08823275523392038
1500;2;64;5.668306517608034;5.66252614759833;1.5356352288915769;1.5298548588818726;0.3102432030508654;0.02935170760098372;0.029464190403782946;1.196040318239728;1.1901474654272244;4.132671288716457;0.1274796354547785;0.25964462043481906;14447.432484209887;14327.713529986911;0.3790309149821782;0.3769579510755954;0.0020309413812730666;0.002060903725640093;39352.76202845398;39464.56114089473;5.724029380712742;14196.501440259777;-0.009157922473290416;0.010861447967087608;-131.2120897271343;0.0615032331144123
1600;2;64;5.870476745818346;5.864127938200985;1.6806809073294566;1.674332099712096;0.3145973411023396;0.029293838553999814;0.029399710328030577;1.3367897276731173;1.330335048281726;4.189795838488889;0.14479478507258822;0.2994540205894415;14492.061294431482;14366.963188739612;0.3564391496384568;0.35436618573187395;0.0020309413812730666;0.002060903725640093;39352.76202845398;39464.56114089473;6.236150353080243;14198.885139071592;-0.011698926729328187;0.06344036467140715;-168.07804966801996;0.37202241487925747
1700;2;64;6.09114980580304;6.084272655470101;1.8393876503781659;1.8325105000452269;0.3170937908573646;0.029123347166470685;0.029223074222338406;1.4931705123543306;1.4861936349655238;4.251762155424874;0.16332936446050994;0.3428857581375049;14490.711732009715;14360.364726930931;0.3354409002427674;0.33336793633618456;0.0020309413812730666;0.002060903725640093;39352.76202845398;39464.56114089473;6.259172975495044;14193.135998854976;-0.01164515882819749;0.028746298847685325;-167.2287280759556;0.1749003200249435
1800;2;64;6.331544130561307;6.324178732404862;2.0129738910368937;2.0056084928804494;0.3177325523159402;0.02885440402722015;0.028948452675530263;1.6663869346937332;1.6589274878889788;4.318570239524413;0.18308337361854374;0.38993983307900915;14455.531731670582;14320.031665415752;0.3160361667951098;0.31396320288852697;0.0020309413812730666;0.002060903725640093;39352.76202845398;39464.56114089473;6.594605117383397;14200.26941727691;-0.008363266991097502;0.04276071193131844;-119.76224813884255;0.2704263849785349
1900;2;64;6.592785688602595;6.584972137514722;2.2025655978150906;2.1947520467272184;0.3165136254780667;0.02850010434688898;0.028588940898246935;1.8575518679901348;1.8496494803509047;4.390220090787504;0.20405681254668956;0.4406162454139543;14398.669228140094;14258.077525048991;0.2982249492954844;0.29615198538890153;0.0020309413812730666;0.002060903725640093;39352.76202845398;39464.56114089473;7.056281979561193;14203.466142433965;-0.003830206598265715;0.07157355144472208;-54.61138261502674;0.4713098420464714
2e3;2;64;6.875907983946611;6.867686374819386;2.4091962747324627;2.400974665605238;0.31343701034374394;0.02807246795793481;0.028156558722946055;2.0676867964307837;2.059381096538548;4.466711709214148;0.22624968124494746;0.4949149951423405;14332.272156144245;14186.615826685527;0.28200724774389074;0.2799342838373079;0.0020309413812730666;0.002060903725640093;39352.76202845398;39464.56114089473;7.795452036175471;14199.366186111967;8.987597593540259e-4;0.13509144284132862;12.7503594264399;0.9277656613560845
200;1;256;4.118943451935341;4.118249077217726;0.2882904983771808;0.2875961236595651;0.08458977340481666;0.016003205033166622;0.015985568906862056;0.18769751993919748;0.18702078134788636;3.8306529535581606;0.013350799503448882;0.07175512122785198;2781.040120435957;2778.7590341264195;0.7386755814549125;0.7391306906415059;0.002834522091319464;0.0028279440037174523;53122.25278786107;53198.61719307895;4.03314154347925;2906.1403253201106;0.04584107136649832;-0.02066595102498625;127.38129119369114;-0.08510753373847635
300;1;256;4.1919679759206465;4.191512833238873;0.3671334457162423;0.36667830303446936;0.11309385931013141;0.018704924485864742;0.0186900706699668;0.2353346619202461;0.2348943730543711;3.824834530204404;0.014813362109801952;0.06447413526774234;3926.9876876099306;3923.9171318003428;0.6953681087867758;0.6958232179733692;0.002834522091319464;0.0028279440037174523;53122.25278786107;53198.61719307895;4.163595049225817;4323.5670293102985;0.10184972925934124;-0.006660550766221346;399.64989750995574;-0.02791778401305578
400;1;256;4.260770564159296;4.260545850873984;0.43691269014509587;0.4366879768597838;0.13974025691899689;0.021029728578316996;0.021017554696590536;0.276142704647782;0.27593016524419633;3.8238578740142004;0.01749535448626707;0.06081548670107363;4921.885784301958;4918.242584232908;0.6536541520666711;0.6541092612532645;0.002834522091319464;0.0028279440037174523;53122.25278786107;53198.61719307895;4.275006767682934;5472.358893603347;0.11266551006386845;0.0033941465049563543;554.116309370439;0.01446091680895023
500;1;256;4.327771688017104;4.327768601488873;0.5000487030295544;0.5000456165013228;0.16452896623141314;0.023005767815727753;0.02299617149193762;0.31251396898241346;0.31252047877797207;3.82772298498755;0.021396776632844235;0.060779175527845855;5774.733554172578;5770.721617187737;0.6135337112945982;0.6139888204811917;0.002834522091319464;0.0028279440037174523;53122.25278786107;53198.61719307895;4.379830397957798;6488.637626604146;0.1244066265955614;0.012029708901491385;717.916009416409;0.052061796468925614
600;1;256;4.395299354370148;4.395509091959616;0.5588694912456958;0.5590792288351638;0.18745998724738006;0.02466011732511835;0.024652996183029414;0.34674938667319744;0.3469662454047544;3.8364298631244522;0.026517628549533448;0.064365201748059;6494.530140882337;6490.340456428452;0.5750067864705575;0.5754618956571509;0.002834522091319464;0.0028279440037174523;53122.25278786107;53198.61719307895;4.484799309477735;7349.720271186061;0.13240905011484008;0.020313964924211225;859.379814757609;0.08929021751811916
700;1;256;4.465589105604762;4.466002864672548;0.6156105971798538;0.6160243562476402;0.20853331996689772;0.026018776855327004;0.02601402851870411;0.381058500357629;0.3814770077620384;3.8499785084249076;0.03285791023633471;0.07157356536171307;7090.274688091773;7086.085327718679;0.5380733775945485;0.538528486781142;0.002834522091319464;0.0028279440037174523;53122.25278786107;53198.61719307895;4.540959283325581;7786.281350009569;0.09881281270378293;0.01678378203604855;700.1960222908901;0.07495641865303249
800;1;256;4.540784019617538;4.541392997524262;0.6724150987286224;0.6730240766353468;0.2277489643899661;0.027106670777008728;0.027104192869616746;0.4175594635616475;0.4181709193757639;3.868368920888916;0.040417621693248015;0.08240426636880807;7570.966339461429;7566.94245682204;0.5027334846665715;0.5031885938531651;0.002834522091319464;0.0028279440037174523;53122.25278786107;53198.61719307895;4.655900473818915;7983.368439332843;0.05503226499831125;0.025214174672193307;416.4259825108029;0.1145074762946523
900;1;256;4.622934709815333;4.6237301039216145;0.731333609298856;0.7321290034051373;0.24510692051658522;0.027947648082635508;0.027947338228239284;0.4582790406996353;0.45907474466031273;3.891601100516477;0.049196762920273376;0.09685730476934401;7945.604238651848;7941.898069502156;0.46898710768662655;0.46944221687321996;0.002834522091319464;0.0028279440037174523;53122.25278786107;53198.61719307895;4.755491428068562;8079.32624544438;0.017304197905783317;0.028496759366467825;137.4281759422238;0.13176132414694752
1e3;1;256;4.71399932511526;4.714972332781717;0.7943242778076685;0.7952972854741258;0.26060718834675517;0.02856448238649615;0.028566238208860555;0.5051526070744172;0.5061238589185102;3.9196750473075914;0.059195333917410775;0.11493268056332087;8223.187529323572;8219.938391522659;0.4368342466547135;0.437289355841307;0.002834522091319464;0.0028279440037174523;53122.25278786107;53198.61719307895;4.848481431796001;8088.8912776042725;-0.015942590768507126;0.02831598779191922;-131.04711391838646;0.13350909901428398
1100;1;256;4.81584354994469;4.816985368531943;0.8632527886824314;0.8643946072696839;0.2742497678804757;0.02897887192469637;0.02898259104758625;0.5600241488772593;0.5611622483416219;3.952590761262259;0.07041333468466024;0.13663039375073865;8412.715355137143;8410.049648647162;0.40627490157083246;0.4067300107574259;0.002834522091319464;0.0028279440037174523;53122.25278786107;53198.61719307895;4.9605387264654555;8105.455435401072;-0.036217885264813794;0.029801493455078352;-304.5942132460905;0.14355335793351287
1200;1;256;4.9302406042412565;4.931542431109923;0.9398923618607781;0.9411941887294446;0.28603465911774706;0.02921143955515878;0.029217019602338988;0.6246462631878722;0.6259425100093585;3.990348242380479;0.08285076522202174;0.16195044433159736;8523.186859753097;8521.21806663929;0.37730907243498324;0.37776418162157666;0.002834522091319464;0.0028279440037174523;53122.25278786107;53198.61719307895;5.076057595457313;8103.540222633003;-0.049016213496695125;0.02930425244559127;-417.67784400628716;0.1445151643473901
1300;1;256;5.058871243452852;5.060324275963553;1.0259237527905998;1.0273767853013007;0.2959618620585691;0.029281732757622796;0.029289071352858194;0.700680157974408;0.7021258518898734;4.032947490662252;0.09650762552949528;0.19089283230589701;8563.601186831984;8562.429871262675;0.34993675924716594;0.35039186843375947;0.002834522091319464;0.0028279440037174523;53122.25278786107;53198.61719307895;5.19319381085019;8104.235035658848;-0.05351224389488154;0.026257118643120265;-458.1948356038274;0.13286953488663666
1400;1;256;5.203323758537627;5.20491919405098;1.1229352524300487;1.1245306879434014;0.3040313767029419;0.02920822363364483;0.029217218400700275;0.7896956520934619;0.7912820928397593;4.080388506107578;0.11138391560708089;0.22345755767363754;8542.957480034342;8542.67128828093;0.3241579620073807;0.3246130711939741;0.002834522091319464;0.0028279440037174523;53122.25278786107;53198.61719307895;5.278525260137863;8100.867495607525;-0.05171728816014302;0.014141634738731819;-441.80379267340504;0.07360606608688336
1500;1;256;5.365093975963992;5.366823011840617;1.2324226872475346;1.2341517231241594;0.3102432030508654;0.029008308906598036;0.029018857469238372;0.8931711752900711;0.8948896626040557;4.132671288716457;0.1274796354547785;0.25964462043481906;8470.254883020714;8470.928543457685;0.2999726807156273;0.30042778990222085;0.002834522091319464;0.0028279440037174523;53122.25278786107;53198.61719307895;5.427137965087378;8105.044750727864;-0.043192879133941264;0.01123848375727892;-365.8837927298209;0.060314953246761505
1600;1;256;5.545585257710618;5.5474390913111336;1.3557894192217286;1.357643252822244;0.3145973411023396;0.02869830992167257;0.028710309903662697;1.0124937681977162;1.0143356018162417;4.189795838488889;0.14479478507258822;0.2994540205894415;8354.492539451641;8356.18786255656;0.2773809153719059;0.27783602455849943;0.002834522091319464;0.0028279440037174523;53122.25278786107;53198.61719307895;5.828153364699572;8094.657450971627;-0.03129781377424876;0.050602497615181936;-261.53041158493306;0.2807142733884387
1700;1;256;5.746108501266434;5.7480783299514595;1.4943463458415598;1.496316174526585;0.3170937908573646;0.028293472645875443;0.02830682167098019;1.1489590823383198;1.1509155619982403;4.251762155424874;0.16332936446050994;0.3428857581375049;8204.669592987666;8207.435471341183;0.2563826659762165;0.25683777516281003;0.002834522091319464;0.0028279440037174523;53122.25278786107;53198.61719307895;5.835180038006245;8104.416719453117;-0.012551880821699758;0.015153187388022366;-103.01875188806571;0.08710170805478512
1800;1;256;5.96788213963063;5.9699591607607845;1.6493119001062166;1.6513889212363713;0.3177325523159402;0.02780796766803046;0.02782256336001466;1.303771380122246;1.3058338055604164;4.318570239524413;0.18308337361854374;0.38993983307900915;8029.785187289329;8033.657595575168;0.23697793252855892;0.23743304171515245;0.002834522091319464;0.0028279440037174523;53122.25278786107;53198.61719307895;6.099961481764848;8107.33849251043;0.00917152567914331;0.02177608213110399;73.68089693526235;0.1300023210040635
1900;1;256;6.212032141312656;6.214207552248558;1.8218120505251516;1.8239874614610543;0.3165136254780667;0.027254890198778407;0.027270630181406956;1.4780435348483065;1.4802032058015806;4.390220090787504;0.20405681254668956;0.4406162454139543;7838.838466017178;7843.8404610221505;0.21916671502893348;0.219621824215527;0.002834522091319464;0.0028279440037174523;53122.25278786107;53198.61719307895;6.462531932934501;8104.504555975044;0.033231692593467914;0.03996074778610967;260.6640949528937;0.24832438068594254
2e3;1;256;6.479592010332215;6.481857008434486;2.012880301118068;2.015145299220338;0.31343701034374394;0.026646260070576903;0.026663041967614647;1.6727970307037472;1.6750452469089794;4.466711709214148;0.22624968124494746;0.4949149951423405;7640.828572831744;7646.970293445745;0.20294901347733985;0.20340412266393337;0.002834522091319464;0.0028279440037174523;53122.25278786107;53198.61719307895;7.033108940003158;8106.395735365558;0.060079407175622095;0.08504537061699427;459.42544191981324;0.5512519315686726
200;2;256;4.099245494401146;4.100353178640142;0.26859254084298484;0.26970022508198116;0.08458977340481666;0.015268755241781014;0.015301436633885564;0.16873401219638717;0.16980901504327894;3.8306529535581606;0.013350799503448882;0.07175512122785198;2770.2058910946594;2770.73246591207;0.7743504950096115;0.7737873279822154;0.0026579981239523874;0.0026661380652014434;55905.627628538714;55854.35169234211;4.038009666394161;2790.2222680998902;0.007034169638390044;-0.0152044249677675;19.48980218782026;-0.062343512245981
300;2;256;4.191022841773879;4.19183449244895;0.3661883115694752;0.366999962244546;0.11309385931013141;0.018188573309410518;0.018217811779405076;0.2349058789499332;0.23568829115500955;3.824834530204404;0.014813362109801952;0.06447413526774234;3922.9128802497794;3923.4893961587104;0.7310430223414748;0.7304798553140787;0.0026579981239523874;0.0026661380652014434;55905.627628538714;55854.35169234211;4.14820765474676;3973.378979642491;0.012715615730381413;-0.010407576391858537;49.88958348378037;-0.04362683770219
400;2;256;4.277888235689446;4.2784147454751364;0.4540303616752455;0.45455687146093626;0.13974025691899689;0.020723450990171123;0.02074937322176524;0.2935666537660775;0.29406724132017414;3.8238578740142004;0.01749535448626707;0.06081548670107363;4932.090702578796;4932.585395586335;0.6893290656213701;0.688765898593974;0.0026579981239523874;0.0026661380652014434;55905.627628538714;55854.35169234211;4.253807077267952;5017.465295196925;0.017207993943001994;-0.005751585498626433;84.87989961058975;-0.024607668207184297
500;2;256;4.362262147513659;4.36251440908452;0.53453916252611;0.5347914240969704;0.16452896623141314;0.02290153878926724;0.022924271466170522;0.34710865750542963;0.34733818639938674;3.82772298498755;0.021396776632844235;0.060779175527845855;5806.290461158236;5806.579417435377;0.6492086248492973;0.6486454578219011;0.0026579981239523874;0.0026661380652014434;55905.627628538714;55854.35169234211;4.35171519108565;5940.097175929089;0.022994218953210046;-0.002475457267575261;133.51775849371188;-0.01079921799887007
600;2;256;4.446472584122599;4.446461490153176;0.6100427209981465;0.610031627028724;0.18745998724738006;0.024749911833720224;0.024769581639642248;0.39783282191704616;0.39780205814170166;3.8364298631244522;0.026517628549533448;0.064365201748059;6554.063259064626;6554.030414946276;0.6106817000252565;0.6101185329978603;0.0026579981239523874;0.0026661380652014434;55905.627628538714;55854.35169234211;4.454652802116845;6761.768066358297;0.031696168351352305;0.0018422091323199556;207.73765141202057;0.008191311963669179
700;2;256;4.532755087902595;4.532491531067437;0.6827765794776872;0.6825130226425293;0.20853331996689772;0.02629456987236823;0.026311303491018546;0.44794868963842127;0.4476683991846131;3.8499785084249076;0.03285791023633471;0.07157356536171307;7183.9601993744955;7183.497341359463;0.5737482911492475;0.5731851241218514;0.0026579981239523874;0.0026661380652014434;55905.627628538714;55854.35169234211;4.546142210312084;7472.291601433406;0.04020245938022296;0.0030117384999132314;288.7942600739434;0.013650679244646469
800;2;256;4.623252736750245;4.622747609723899;0.7548838158613289;0.7543786888349833;0.2277489643899661;0.027560437275866316;0.02757436139095453;0.49957441419549653;0.4990553630540626;3.868368920888916;0.040417621693248015;0.08240426636880807;7704.53238516437;7703.539149915374;0.5384083982212706;0.5378452311938744;0.0026579981239523874;0.0026661380652014434;55905.627628538714;55854.35169234211;4.670968203863116;7816.211853853942;0.014626096102828988;0.010431154415132928;112.67270393856779;0.048220594139216644
900;2;256;4.7200161440724004;4.7192803395294165;0.8284150435559237;0.8276792390129395;0.24510692051658522;0.02857136303668644;0.02858260433192212;0.554736760002652;0.5539897141644321;3.891601100516477;0.049196762920273376;0.09685730476934401;8124.330919510776;8122.714793854448;0.5046620212413255;0.5040988542139294;0.0026579981239523874;0.0026661380652014434;55905.627628538714;55854.35169234211;4.7894593804053045;7990.422723398906;-0.016286681708390455;0.01487070820693943;-132.29207045554176;0.070179040875888
1e3;2;256;4.825003458786177;4.8240478694011015;0.9053284114785853;0.9043728220935103;0.26060718834675517;0.029350120769117423;0.02935880592821017;0.6153711023627126;0.614406827818545;3.9196750473075914;0.059195333917410775;0.11493268056332087;8451.906905490245;8449.583226417115;0.4725091602094126;0.47194599318201635;0.0026579981239523874;0.0026661380652014434;55905.627628538714;55854.35169234211;4.912648017659336;8074.700883726719;-0.0443669625643012;0.0183663493101353;-374.8823426903955;0.08860014825823459
1100;2;256;4.940080365318946;4.938915883766328;0.9874896040566873;0.9863251225040693;0.2742497678804757;0.029918408709264994;0.02992466441592436;0.6833214274669466;0.6821506902076693;3.952590761262259;0.07041333468466024;0.13663039375073865;8695.811446179297;8692.703400843817;0.44194981512553144;0.4413866480981353;0.0026579981239523874;0.0026661380652014434;55905.627628538714;55854.35169234211;5.022321307915975;8087.473925790621;-0.06962500008851617;0.016887395151594167;-605.2294750531955;0.08340542414964691
1200;2;256;5.06702008360834;5.0656576025627285;1.0766718412278613;1.0753093601822494;0.28603465911774706;0.030296849715051734;0.030300802652987312;0.7603403323950624;0.7589738984115151;3.990348242380479;0.08285076522202174;0.16195044433159736;8864.595644654466;8860.634270374981;0.4129839859896822;0.4124208189622861;0.0026579981239523874;0.0026661380652014434;55905.627628538714;55854.35169234211;5.1564785192996165;8092.401944914653;-0.08670173060058119;0.017928751578263315;-768.2323254603289;0.09082091673688808
1300;2;256;5.207503369102252;5.205953781238192;1.17455587844;1.1730062905759402;0.2959618620585691;0.030504991266217092;0.030506768119138446;0.8480890251152138;0.8465376603982326;4.032947490662252;0.09650762552949528;0.19089283230589701;8966.810603992277;8961.934788251045;0.38561167280186504;0.3850485057744688;0.0026579981239523874;0.0026661380652014434;55905.627628538714;55854.35169234211;5.276626303217657;8097.953197080505;-0.096405699392413155;0.013575326433777;-863.98159117054;0.07067252197946416
1400;2;256;5.363118512758831;5.361392710750873;1.2827300066512533;1.2810042046432946;0.3040313767029419;0.030561305464317436;0.03056103291593417;0.9481373244839939;0.9464117950244186;4.080388506107578;0.11138391560708089;0.22345755767363754;9011.007427269255;9005.16390771245;0.35983287556207966;0.35926970853468354;0.0026579981239523874;0.0026661380652014434;55905.627628538714;55854.35169234211;5.378897212974803;8098.309564852158;-0.10070381307369859;0.003264917003529684;-906.8543428602916;0.01750450222393063
1500;2;256;5.535361341046491;5.533470217569182;1.4026900523300339;1.4007989288527245;0.3102432030508654;0.03048318903272599;0.030480993766747684;1.0619636602464424;1.0600747320351114;4.132671288716457;0.1274796354547785;0.25964462043481906;9005.737217561931;8998.880581999627;0.3356475942703264;0.3350844272429303;0.0026579981239523874;0.0026661380652014434;55905.627628538714;55854.35169234211;5.525399448611596;8099.383536516558;-0.09995654873810908;-0.0014585366217315732;-899.4970454830691;-0.008070768957585628
1600;2;256;5.7256352159439;5.7235896636717865;1.53583937745501;1.5337938251828978;0.3145973411023396;0.030286963316632838;0.03028297201676907;1.1909550730360374;1.188913512063789;4.189795838488889;0.14479478507258822;0.2994540205894415;8959.551077946828;8951.643764353008;0.313055828926605;0.3124926618992089;0.0026579981239523874;0.0026661380652014434;55905.627628538714;55854.35169234211;5.99267642178488;8100.400678270993;-0.09509349438946756;0.04701363548491521;-851.243086082015;0.2690867581130938
1700;2;256;5.935251034939987;5.933061946547621;1.6834888795151128;1.6812997911227467;0.3170937908573646;0.029987874283045023;0.029982213633005357;1.3364072143747032;1.3342237866323767;4.251762155424874;0.16332936446050994;0.3428857581375049;8881.000111500478;8872.012408013035;0.2920575795309156;0.2914944125035195;0.0026579981239523874;0.0026661380652014434;55905.627628538714;55854.35169234211;5.987973848363214;8094.044131337137;-0.08768791576229677;0.009255238241283688;-777.9682766758988;0.05491190181559258
1800;2;256;6.165427231033943;6.163105499195869;1.8468569915095305;1.8445352596714562;0.3177325523159402;0.02960009252078636;0.02959288920428039;1.4995243466728039;1.4972098181512354;4.318570239524413;0.18308337361854374;0.38993983307900915;8778.635421299401;8768.545466220137;0.272652846083258;0.2720896790558619;0.0026579981239523874;0.0026661380652014434;55905.627628538714;55854.35169234211;6.284549287965181;8100.733807637511;-0.07615991285616273;0.019704966722564908;-667.8116585826265;0.12144378876931139
1900;2;256;6.417289772735218;6.414846290125984;2.0270696819477143;2.024626199338481;0.3165136254780667;0.029136713240497623;0.029128093941234924;1.68141934322915;1.6789844799191793;4.390220090787504;0.20405681254668956;0.4406162454139543;8661.008110420136;8649.801892214757;0.2548416285836326;0.25427846155623646;0.0026579981239523874;0.0026661380652014434;55905.627628538714;55854.35169234211;6.689272290241788;8096.432207990543;-0.06397483909108637;0.04277982475405718;-553.3696842242134;0.2744260001158034
2e3;2;256;6.691872164063517;6.6893178233576736;2.225160454849369;2.2226061141435256;0.31343701034374394;0.028609756274636418;0.028599847676326555;1.883113688230989;1.8805692561234553;4.466711709214148;0.22624968124494746;0.4949149951423405;8536.6692819392;8524.34063923732;0.23862392703203894;0.23806076000464282;0.0026579981239523874;0.0026661380652014434;55905.627628538714;55854.35169234211;7.325688893287704;8107.225424178512;-0.04893225560917136;0.0951324315474977;-417.11521505880773;0.6363710699300302
