Config;Sets;SetMisses;Gets;GetMisses;CacheSize;CacheThreads;Frequency;E_ext;E_arm;E_mem;E_g3d;E_kfc;t_user;t_system;t_wall;perc_cpu;size_resident;cycles;instructions_k;instructions_u;LLC-store;LLC-store-misses;LLC-loads;LLC-load-misses
big;200064;0;1799936;1498756;32;1;200;1875.600;86.266367;34.202887;17.553146;5.765486;77.09;387.57;466.667246659;96;37160;202263392221;63325709510;6667960816;938053649;40326410;4016515915;99500800
big;200064;0;1799936;1493333;32;1;300;1332.00;80.942458;24.601809;12.108783;4.036524;52.30;267.43;321.765258876;99;37232;209020381586;61946321457;6665172451;921894751;36175773;3961559719;93977004
big;200064;0;1799936;1492574;32;1;400;1054.800;78.639104;19.655305;9.401724;3.203340;39.51;205.04;247.955849617;98;37232;212577901223;60489312668;6665363368;911341818;34736020;3904967505;91547717
big;200064;0;1799936;1491731;32;1;500;896.400;78.158077;16.765724;7.814782;2.677340;32.07;168.17;205.802771035;97;37228;216908382182;59341845809;6669799475;919925798;33551785;3825799227;90974949
big;200064;0;1799936;1494032;32;1;600;784.800;77.571850;14.715376;6.708604;2.298357;27.84;142.27;176.637720789;96;37152;219370094046;58132827393;6667319361;901279726;33488310;3820483074;91056424
big;200064;0;1799936;1494896;32;1;700;723.600;78.732469;13.594996;6.085294;2.085064;24.00;126.53;159.978716907;93;37160;227690927666;57873737982;6672521821;874598743;32613545;3737713549;91660871
big;200064;0;1799936;1497329;32;1;800;673.200;84.126599;12.487240;5.504064;1.885710;21.63;110.60;144.557379391;91;37312;231230578870;57361486276;6674679178;891509494;31842946;3676940665;90192177
big;200064;0;1799936;1497653;32;1;900;644.400;89.517310;11.774247;5.126922;1.784455;19.82;100.64;134.672276800;89;37192;237997698594;57115030689;6678707848;902462731;31741304;3731520816;90814110
big;200064;0;1799936;1498214;32;1;1000;622.800;96.567025;11.187494;4.801065;1.721861;17.67;92.60;126.557456899;86;37240;245110472165;56935742296;6682784030;906367241;31687937;3657174889;90502353
big;200064;0;1799936;1498401;32;1;1100;622.800;106.389286;10.936329;4.676666;1.716864;16.69;88.24;122.904519280;85;37260;257155737476;57013912857;6686936034;877558907;32199333;3676980380;91253229
big;200064;0;1799936;1498778;32;1;1200;615.600;115.547472;10.576808;4.555423;1.681359;13.81;83.85;117.538164173;82;37252;263786862477;57073906950;6784482614;922135833;31562154;3724162240;91048350
big;200064;0;1799936;1498896;32;1;1300;619.200;126.611619;10.375350;4.531227;1.696613;14.94;77.97;114.925634985;80;37172;272329928727;57205970889;6725222445;904163404;32208293;3745116791;90898962
big;200064;0;1799936;1498574;32;1;1400;633.600;136.643491;10.377454;4.589350;1.712919;14.42;75.77;115.409467575;77;37312;287414788513;57726655111;6740011366;920481001;31381282;3812916489;89657794
big;200064;0;1799936;1498373;32;1;1500;651.600;150.563555;10.357466;4.610653;1.727384;13.81;72.80;115.707263976;74;37176;298311273123;58167983826;6742149278;952157877;30889317;3862393016;89190907
big;200064;0;1799936;1498643;32;1;1600;716.400;192.993082;10.495804;4.681137;1.829165;12.49;68.01;117.195504788;68;36984;319030764876;58905756981;6768506940;967293076;30965059;3898008844;89575413
big;200064;0;1799936;1498295;32;1;1700;709.200;192.854218;10.421112;4.628537;1.800498;12.83;67.79;115.979420519;69;37196;320426549485;59004207022;6784217245;973993221;31120268;3918089100;90106443
big;200064;0;1799936;1498526;32;1;1800;745.200;220.506038;10.462929;4.686397;1.949619;12.54;67.03;115.792610056;68;37260;337440369533;59154253022;7012841104;950423110;31988857;3946049020;93528385
big;200064;0;1799936;1499201;32;1;1900;792.00;254.392536;10.361674;4.713486;1.939099;11.93;64.20;115.851505774;65;37256;341365923200;59089958172;6766361340;949446711;30135994;3867682374;88809105
big;200064;0;1799936;1498618;32;1;2000;871.200;311.539017;10.415589;4.814478;2.140557;11.39;62.70;116.001029599;63;37256;351119121160;59168182814;6795768301;959468220;31312040;3939357888;88817180
big;200064;0;1799936;1498578;32;2;200;1717.200;83.676869;31.421925;15.865475;5.197406;91.42;409.95;424.590147394;117;37284;202892507193;65467476279;6978812981;951282612;37589372;3873770711;99025893
big;200064;0;1799936;1498349;32;2;300;1220.400;76.418332;22.614844;11.043370;3.589424;60.19;239.53;294.162721198;101;37208;195501859618;61997977499;6952537807;863451909;35012609;3517613002;95881412
big;200064;0;1799936;1498126;32;2;400;975.600;74.263573;18.259038;8.677948;2.907991;46.64;173.52;229.624018654;95;37352;196667102900;60327840783;6955248277;848509976;32841870;3460139198;93438820
big;200064;0;1799936;1497767;32;2;500;838.800;74.488175;15.696629;7.304562;2.490084;37.65;141.17;192.720786201;92;37220;203082937286;60012180999;6980826153;851994132;31772703;3452377085;92315172
big;200064;0;1799936;1499211;32;2;600;748.800;75.575417;14.004750;6.386955;2.183163;32.84;123.00;167.902552373;92;37348;212516633468;59914617895;6994881666;866025413;31136838;3501529040;90387021
big;200064;0;1799936;1498388;32;2;700;684.00;76.989042;12.753922;5.738397;1.950671;29.09;110.23;149.941940495;92;37336;221857646104;60052889113;7003216683;870759116;31110867;3491589642;89912420
big;200064;0;1799936;1498935;32;2;800;644.400;83.101688;11.842364;5.237908;1.781299;25.16;103.92;137.018416401;93;37312;233621973010;60229135024;7000749045;878077066;31479451;3547584923;90178805
big;200064;0;1799936;1498074;32;2;900;612.00;90.422293;11.079138;4.776080;1.648221;24.45;102.02;125.438884696;100;37308;249161117284;60474458074;6992289500;894226077;32104472;3680305340;90922782
big;200064;0;1799936;1498870;32;2;1000;594.000;102.006391;10.441626;4.443648;1.601933;21.57;113.32;116.430896594;115;37236;275422450526;61254975563;6968115884;964065758;32224613;3965631734;89637177
big;200064;0;1799936;1499250;32;2;1100;604.800;114.039693;10.358518;4.469422;1.646380;20.50;108.30;115.870073749;110;37344;292106582077;62164572764;7017188228;993946309;31601666;4066588204;87669078
big;200064;0;1799936;1498282;32;2;1200;622.800;126.574010;10.372194;4.548059;1.681885;18.53;103.20;116.093021318;104;37240;305486678966;62841052887;7008035521;994049702;31488894;4110020029;88615267
big;200064;0;1799936;1498763;32;2;1300;640.800;139.589880;10.338267;4.600133;1.723702;18.13;97.63;116.247182399;99;37232;318213969776;63313531526;7006471652;1015737666;31309236;4181426927;88838058
big;200064;0;1799936;1498108;32;2;1400;655.200;150.020460;10.288560;4.608286;1.726595;17.13;95.50;116.251870820;96;37236;335522698966;63477045954;6985137494;1012834137;30647807;4185350164;86421232
big;200064;0;1799936;1498745;32;2;1500;676.800;164.854449;10.342475;4.626696;1.738956;16.87;91.70;116.250597663;93;37256;348448336553;63637514041;6979643494;1034482577;30890119;4248367797;87107797
big;200064;0;1799936;1497934;32;2;1600;738.000;210.493628;10.306444;4.639846;1.833110;15.29;85.73;116.256641823;86;37260;372766542714;64087704731;6995760343;1050119109;30589346;4247487851;86387349
big;200064;0;1799936;1498133;32;2;1700;738.000;211.005163;10.311967;4.645895;1.835214;15.26;85.98;116.213936983;86;37388;372867639988;64015586779;6995698942;1047109332;30556212;4279229052;86268837
big;200064;0;1799936;1498445;32;2;1800;777.600;239.950680;10.301710;4.697443;1.902016;14.48;85.38;116.064664613;85;37232;392176354989;64213470329;7014169210;1047160118;30918117;4273315154;86693573
big;200064;0;1799936;1499119;32;2;1900;835.200;279.251559;10.341160;4.766086;1.989332;15.22;81.96;115.849190281;83;37316;404520080124;64322524775;6985770132;1033663325;31513604;4248515636;88472256
big;200064;0;1799936;1498409;32;2;2000;925.200;344.059756;10.372194;4.820264;2.193420;13.84;81.52;115.766223526;82;37236;420126011728;64457164219;7147989753;1037590885;32149170;4308279450;89488675
big;200064;0;1799936;1296136;64;1;200;2066.400;94.014610;38.240989;19.099323;6.248617;80.29;424.41;514.064323478;97;69920;222007935144;70195427350;6942963963;1048393483;50903408;4300961319;130852205
big;200064;0;1799936;1294694;64;1;300;1461.600;88.551574;27.512956;13.104764;4.320038;54.98;294.57;353.672681722;98;69980;229817778751;68500099557;6935070381;1034226800;47614654;4251511431;124856565
big;200064;0;1799936;1291655;64;1;400;1159.200;86.180103;22.066489;10.198351;3.457661;40.63;224.68;272.839876674;96;69992;233989661912;66971562148;6942370944;980931217;45106330;4096745817;122159570
big;200064;0;1799936;1291032;64;1;500;986.400;85.787707;18.832378;8.524093;2.927453;34.96;182.15;226.518647007;95;69916;239466809511;65829154636;6945183336;1002128220;43442805;4122632948;120264555
big;200064;0;1799936;1292028;64;1;600;867.600;85.114953;16.682353;7.369260;2.527693;28.57;152.95;194.619287197;93;70000;241809309014;64688209946;6948134063;995533133;42520199;4057610600;120269768
big;200064;0;1799936;1293186;64;1;700;810.000;87.167405;15.475183;6.755418;2.319923;25.21;134.73;178.400049207;89;70004;251921481586;64650871866;6957854189;990972318;40191594;4048278356;119980881
big;200064;0;1799936;1294693;64;1;800;774.000;95.206526;14.567570;6.290171;2.155022;22.11;120.11;165.822861211;85;69996;261425993457;64899895844;6967412897;1009440908;40970342;4066689071;119834321
big;200064;0;1799936;1295262;64;1;900;745.200;101.862530;13.868779;5.914344;2.040880;21.13;107.14;155.689854625;82;70068;269586141744;64832751298;6975894300;1000209787;40776142;4078499932;119470842
big;200064;0;1799936;1294923;64;1;1000;730.800;110.739306;13.358822;5.631882;1.969607;19.41;96.69;148.399152242;78;70000;278769427751;65137042944;6988244491;1010161523;40939921;4026772900;119698301
big;200064;0;1799936;1296591;64;1;1100;730.800;122.205054;13.090036;5.504853;1.986176;18.62;90.78;144.978359723;75;70056;291392302948;65387682975;6993093576;1022665565;40772639;4088108179;119341025
big;200064;0;1799936;1295840;64;1;1200;734.400;135.261163;12.992463;5.398075;2.160019;17.62;85.22;141.613784328;72;70028;306360025597;66141365565;7541169415;1027458882;42930097;4187902285;127847371
big;200064;0;1799936;1296099;64;1;1300;745.200;148.179986;12.714735;5.378350;2.024837;16.28;80.42;139.893413020;68;69948;313784760953;66247594735;7125819136;1050815795;40576154;4186001048;120538669
big;200064;0;1799936;1295651;64;1;1400;759.600;159.414557;12.737090;5.424638;2.066391;16.33;77.12;139.985271093;66;69952;331210909885;66720614169;7181364986;1035146842;41539928;4207567432;121738581
big;200064;0;1799936;1295043;64;1;1500;781.200;175.269775;12.727359;5.524315;2.061657;15.14;74.21;140.157762699;63;70000;342018254758;67107265747;7052602718;1054116813;40193301;4214298367;120495436
big;200064;0;1799936;1296185;64;1;1600;846.000;223.533694;12.699481;5.590328;2.148710;14.30;68.73;140.297021548;59;70028;365902371328;67801084047;7069603865;1062233755;39413638;4268235331;118658634
big;200064;0;1799936;1295411;64;1;1700;846.000;224.221702;12.701848;5.602952;2.178429;14.19;69.12;140.386944872;59;69960;366185268537;67775755267;7133566252;1072023399;39287517;4305994260;118566960
big;200064;0;1799936;1295993;64;1;1800;889.200;255.672031;12.763390;5.617943;2.285996;13.22;68.06;140.366845464;57;70052;383959879061;67992622472;7422007177;1043970483;40022383;4317770779;120729023
big;200064;0;1799936;1295678;64;1;1900;946.800;297.198153;12.748136;5.682904;2.290204;13.89;64.92;140.390975249;56;70052;393665958322;68269364292;7074210314;1086404412;39130171;4341939486;118085804
big;200064;0;1799936;1296108;64;1;2000;1036.800;363.612228;12.803892;5.806777;2.502182;12.88;63.54;140.424705436;54;69956;404494345810;68240492158;7081551355;1059548858;40191007;4333531632;118925263
big;200064;0;1799936;1294589;64;2;200;1976.400;94.197395;36.458638;18.177245;5.908295;95.20;444.33;489.407314477;109;69980;227582654048;73931810689;7257850475;1051984964;47321204;4190482483;132005817
big;200064;0;1799936;1294563;64;2;300;1411.200;86.544884;26.635062;12.607957;4.097277;65.08;260.65;340.759113728;95;70056;221094224714;70370999318;7272190373;984307279;44400039;3943596692;129694701
big;200064;0;1799936;1295768;64;2;400;1130.400;84.463239;21.499724;9.905632;3.251732;48.86;191.69;266.333541869;90;70052;223180027230;68623440197;7258716036;957803905;41769361;3817277131;123955632
big;200064;0;1799936;1295547;64;2;500;975.600;85.477104;18.606987;8.455450;2.864333;41.28;155.81;224.542622659;87;70072;232543930110;68462482559;7283828680;968307848;41068552;3872470322;122589093
big;200064;0;1799936;1296069;64;2;600;874.800;86.858643;16.655527;7.405817;2.539265;35.20;135.99;195.988287736;87;70048;243324954377;68431933082;7301043404;954442369;40420512;3854917332;121138376
big;200064;0;1799936;1295824;64;2;700;799.200;88.341963;15.229015;6.645221;2.277580;32.28;120.59;175.517458035;86;70056;254046557377;68407869273;7308559157;966382584;40320842;3906403394;120726060
big;200064;0;1799936;1295745;64;2;800;759.600;96.271413;14.287212;6.154726;2.110049;29.11;112.28;162.188909351;86;70012;268427386214;68831314210;7305221054;981864366;40230022;4016770542;119429970
big;200064;0;1799936;1295081;64;2;900;734.400;105.067974;13.632342;5.766538;1.978812;25.56;108.31;152.022539729;87;69984;284264134661;69273619946;7301343997;1005854531;40888548;4084739511;120642414
big;200064;0;1799936;1295554;64;2;1000;716.400;117.668830;12.963796;5.418326;1.933050;24.17;113.57;142.725901141;96;70068;308887898683;69950711565;7278229179;1063974614;41449376;4357522845;119435767
big;200064;0;1799936;1296803;64;2;1100;730.800;132.234033;12.901202;5.367041;2.099266;21.94;109.89;140.942010500;93;70000;329819217810;71098446545;7736373397;1103761523;41984077;4487075714;123622001
big;200064;0;1799936;1295602;64;2;1200;745.200;145.926076;12.775488;5.420693;2.032990;21.09;103.80;140.773810992;88;70084;343387159572;71778016858;7389849487;1107186743;40446966;4552967887;118932783
big;200064;0;1799936;1295882;64;2;1300;766.800;162.400922;12.778644;5.509324;2.097425;20.00;100.13;140.800813733;85;70028;361336675727;72547189143;7425222439;1149629860;40202701;4675689889;118882926
big;200064;0;1799936;1295694;64;2;1400;784.800;174.676447;12.756026;5.572707;2.073755;19.34;97.48;140.989064915;82;70088;381256677410;72848841055;7292577826;1135875737;39647095;4633655038;116992417
big;200064;0;1799936;1295155;64;2;1500;806.400;191.873754;12.757341;5.585331;2.086116;18.65;94.01;140.879780023;79;70004;397460650246;73264295511;7291697094;1148141980;40103397;4668472147;118297813
big;200064;0;1799936;1295311;64;2;1600;878.400;244.722026;12.741561;5.609527;2.222350;17.02;87.80;140.856129225;74;70012;424720211273;73636921763;7381090256;1135527620;39914199;4739203745;117392826
big;200064;0;1799936;1294879;64;2;1700;882.000;245.031840;12.744717;5.611105;2.194998;16.58;87.90;140.913185089;73;70076;424667070621;73751112834;7312277414;1148502837;39409231;4696830434;115741767
big;200064;0;1799936;1295609;64;2;1800;928.800;280.017678;12.799684;5.666861;2.282051;16.87;86.83;140.842398213;73;70036;448145348792;73904304222;7446738369;1157449717;40935598;4732988933;119715764
big;200064;0;1799936;1294882;64;2;1900;993.600;326.894798;12.807837;5.738923;2.411184;15.90;85.05;140.810699300;71;70084;462419787665;73990585789;7318550347;1137507930;41215332;4711483695;118286888
big;200064;0;1799936;1295112;64;2;2000;1098.000;398.159645;12.768124;5.840178;2.564776;15.48;82.66;140.851357292;69;70092;474846997643;74145365079;7311142740;1163824397;41109156;4749893702;117905434
big;200064;0;1799936;989677;128;1;200;2350.800;106.660965;44.069332;21.661469;7.040510;87.51;477.44;583.894942979;96;135600;251581098714;80638690380;7389017536;1183441757;65897054;4671721506;179656606
big;200064;0;1799936;989091;128;1;300;1641.600;98.911933;31.710962;14.628323;4.767664;58.33;327.23;395.863562566;97;135472;256892803864;78251768124;7364368642;1132862236;61465484;4506214155;172575406
big;200064;0;1799936;987340;128;1;400;1328.400;98.160279;25.772422;11.549645;3.856632;45.61;253.46;311.777293781;95;135592;267205603456;77047233902;7364462049;1141586672;58803951;4565708631;166412530
big;200064;0;1799936;987466;128;1;500;1134.000;97.684512;22.190099;9.677348;3.328265;36.85;203.15;259.264292600;92;135540;272265115342;75729485158;7368144162;1126816095;57306611;4470230986;166032295
big;200064;0;1799936;987043;128;1;600;1008.00;97.902013;19.846506;8.502527;2.930083;31.80;169.03;225.682975224;88;135540;278008083804;74901693501;7378314696;1103164617;55466939;4421771003;166424666
big;200064;0;1799936;988481;128;1;700;950.400;100.747147;18.625660;7.898153;2.714160;28.07;145.02;208.910137664;82;135464;289884436146;75350711783;7396468413;1136294415;53972316;4468138600;165978140
big;200064;0;1799936;989184;128;1;800;921.600;111.203764;17.786690;7.480772;2.562935;26.05;125.13;197.439167957;76;135600;301968443370;76098517688;7419769225;1148569112;53825273;4475031007;163881668
big;200064;0;1799936;988908;128;1;900;910.800;121.897607;17.345902;7.228292;2.487717;23.58;111.43;190.515056940;70;135460;315328866383;76973300380;7442452063;1139124880;54073765;4543583982;167160146
big;200064;0;1799936;988364;128;1;1000;907.200;133.490910;16.962448;7.046822;2.428542;22.06;100.11;185.748757652;65;135468;329452458094;78033872896;7463656902;1163721237;53458320;4601920055;166258525
big;200064;0;1799936;989158;128;1;1100;918.000;148.470864;16.785712;6.989751;2.469307;20.57;92.39;183.569439912;61;135464;345931922002;78930569494;7475716568;1170181098;53110667;4646540803;166066441
big;200064;0;1799936;989397;128;1;1200;936.00;164.493350;16.666836;6.913218;2.541632;19.38;85.67;182.205145197;57;135552;360390142536;79770594511;7573460851;1206480484;53003637;4734289403;164902948
big;200064;0;1799936;989345;128;1;1300;957.600;182.417852;16.711809;6.929787;2.622373;19.15;79.68;181.964446250;54;135564;376482595880;80635415031;7789153500;1224413239;53502993;4783087358;166777797
big;200064;0;1799936;988966;128;1;1400;975.600;195.747744;16.650004;6.982387;2.575296;18.36;76.96;182.119484368;52;135496;394900250040;80856112541;7534034660;1231072795;52941394;4815734665;164474172
big;200064;0;1799936;989417;128;1;1500;1000.800;214.628777;16.544541;7.040510;2.586868;17.09;73.79;182.002938007;49;135552;409245311435;81474941732;7547490372;1244559061;53030529;4846345651;161966309
big;200064;0;1799936;988792;128;1;1600;1080.0;275.604275;16.670255;7.246176;2.771231;15.99;68.09;182.150887080;46;135500;438931947453;82049542977;7611552176;1247445594;54486607;4913437099;164747839
big;200064;0;1799936;988410;128;1;1700;1080.0;274.873924;16.601349;7.257485;2.758607;15.63;68.32;182.147921896;46;135508;437902722550;82161889089;7597599991;1253908491;53133731;4944831850;162930758
big;200064;0;1799936;989546;128;1;1800;1130.400;313.072833;16.565844;7.258274;2.821464;15.64;66.22;182.106571029;44;135508;456428354802;82124682391;7575902527;1244125865;52601530;4908632630;161930514
big;200064;0;1799936;988232;128;1;1900;1202.400;366.628312;16.598982;7.331914;2.945337;15.64;63.97;182.374550021;43;135552;472306637480;82551624554;7604580938;1264476806;52954347;5003383826;162429040
big;200064;0;1799936;988733;128;1;2000;1310.400;445.335007;16.635013;7.482350;3.126807;14.39;62.63;182.138412379;42;135492;486338981551;82962534750;7618909769;1267878252;53102219;4976698633;163332491
big;200064;0;1799936;988774;128;2;200;2358.000;109.766206;44.209511;21.674093;6.935047;103.63;493.61;585.333877005;101;135528;262656757416;86136686211;7702640236;1199260662;63067462;4705610221;181830546
big;200064;0;1799936;989385;128;2;300;1695.600;102.287538;32.443680;15.112769;4.902846;70.02;298.75;408.816787810;90;135600;259801890196;82943580315;7707332566;1159208446;58486936;4542918621;174870528
big;200064;0;1799936;989844;128;2;400;1364.400;100.357907;26.437023;11.975705;3.951838;53.64;219.01;321.521764261;84;135600;263620235608;81108392205;7714077424;1103728154;57497191;4398171139;171313412
big;200064;0;1799936;988612;128;2;500;1188.00;101.917760;23.038537;10.250425;3.487643;45.14;178.68;272.521431463;81;135596;275502406072;80947498550;7737907616;1143736268;55734055;4457748376;168505783
big;200064;0;1799936;990242;128;2;600;1062.000;103.367416;20.700467;9.051408;3.098403;39.20;152.59;238.570935832;80;135600;286847797774;80729622386;7750429116;1131294559;54864115;4481568250;167734261
big;200064;0;1799936;988902;128;2;700;975.600;105.552157;19.020686;8.166413;2.790693;34.01;136.81;214.724210685;79;135548;299835075349;80726953070;7755621910;1127496499;54290486;4481143074;165744173
big;200064;0;1799936;988708;128;2;800;943.200;115.832038;18.158835;7.658560;2.623425;31.19;124.91;201.776820814;77;135628;318201793243;81712744978;7758535618;1139098904;53687759;4616944186;165026237
big;200064;0;1799936;989175;128;2;900;925.200;127.682818;17.471090;7.321131;2.519014;28.85;117.61;192.545568616;75;135596;338353428087;82636676246;7750924559;1178789721;53785588;4780695370;164064896
big;200064;0;1799936;988883;128;2;1000;925.200;142.800584;16.965341;7.110994;2.516910;26.50;112.15;186.799884059;74;135540;359936468925;83862724953;7751425281;1215843082;52108518;4912979291;162021975
big;200064;0;1799936;988287;128;2;1100;936.00;159.546846;16.829107;6.988173;2.577663;24.31;109.12;183.864625927;72;135636;383235601661;85123794683;7890544139;1260354003;52856240;5051923443;164587950
big;200064;0;1799936;988581;128;2;1200;954.000;177.550511;16.653423;7.003953;2.603437;24.37;102.58;182.600027807;69;135560;402419093723;86094526576;7831792498;1279566093;52483751;5146296467;162147851
big;200064;0;1799936;988458;128;2;1300;982.800;198.523183;16.785975;7.054975;2.844345;22.27;98.44;182.558585361;66;135556;426802550872;87379901004;8858569997;1316314342;54554983;5320700290;172681850
big;200064;0;1799936;989433;128;2;1400;997.200;212.309643;16.571367;7.105734;2.664716;21.60;96.69;182.593477522;64;135692;447209102569;87335196688;7826987202;1302354700;52068146;5330128040;162981431
big;200064;0;1799936;989811;128;2;1500;1026.000;233.437748;16.567422;7.170169;2.655511;20.35;93.52;182.167015628;62;135640;466235729341;87941367127;7783532346;1321882483;51850977;5327270625;161680527
big;200064;0;1799936;989407;128;2;1600;1112.400;298.684366;16.601612;7.270635;2.826461;18.79;87.23;182.333368137;58;135548;500420059349;88630066232;7813197912;1336308146;52258706;5393690627;161635460
big;200064;0;1799936;987970;128;2;1700;1112.400;296.253457;16.637643;7.260115;2.832510;18.57;85.25;182.486085089;56;135560;494339642785;88087747171;7877365285;1315810161;53461531;5347754317;163325899
big;200064;0;1799936;989206;128;2;1800;1173.600;342.548821;16.782819;7.284311;3.121810;18.78;85.00;182.473996627;56;135556;529188723476;89184542409;8657972409;1344737780;55510491;5500951361;171377168
big;200064;0;1799936;988319;128;2;1900;1252.800;399.407317;16.570578;7.367682;3.045540;18.11;83.98;182.480991782;55;135636;544077097816;89216441627;7858255498;1339822677;52806551;5441748002;161518304
big;200064;0;1799936;989238;128;2;2000;1378.800;488.392315;16.560321;7.530479;3.354828;17.62;82.25;182.297537039;54;135644;562146261632;89439853379;8112051367;1346948649;54047847;5538119466;164724646
big;200064;0;1799936;573663;256;1;200;2775.600;125.025992;52.562128;25.517838;8.325265;96.09;553.47;688.198013900;94;266544;294599515174;96043104253;8007517426;1374275548;87446673;5164184176;241672821
big;200064;0;1799936;573101;256;1;300;1926.000;116.086622;37.541409;17.159435;5.632145;64.85;382.80;462.581009255;96;266612;300906880115;92608992710;7961909838;1318876003;79825175;5044521117;231676893
big;200064;0;1799936;573425;256;1;400;1562.400;114.471013;30.890928;13.659694;4.544640;49.62;285.18;365.473105636;91;266596;309096729493;91312506072;7964406770;1295706931;80027623;4940965042;231167910
big;200064;0;1799936;573822;256;1;500;1350.000;115.393354;26.905689;11.579627;3.974456;40.92;233.28;308.231113385;88;266612;320683751870;90163127252;7960051039;1303036626;75923978;4971260650;225976011
big;200064;0;1799936;573358;256;1;600;1220.400;116.348307;24.400351;10.283563;3.532090;34.51;190.03;272.119199943;82;266612;327821334647;89478282776;7975095484;1286420393;75219921;4905458692;226694846
big;200064;0;1799936;573174;256;1;700;1166.400;120.717263;23.266821;9.713379;3.335892;31.48;155.42;256.862025670;72;266532;341871055252;90708858840;8016005300;1272118546;72591736;4914809192;226695696
big;200064;0;1799936;572866;256;1;800;1166.400;136.280814;22.806834;9.505609;3.250680;30.36;129.74;250.520819025;63;266604;361554841231;93041365196;8064155908;1319640035;72129319;5068609031;228244506
big;200064;0;1799936;574148;256;1;900;1177.200;153.012085;22.546727;9.389889;3.228588;27.59;115.54;247.545394163;57;266628;383864544794;95200195255;8093648526;1345481990;69990693;5290165843;224230801
big;200064;0;1799936;572751;256;1;1000;1198.800;169.457738;22.485711;9.374372;3.257781;25.74;105.72;247.252674237;53;266568;407072240570;97430179594;8116545307;1441302125;69142100;5520483984;224513220
big;200064;0;1799936;574135;256;1;1100;1224.00;190.116125;22.401814;9.354384;3.295916;24.57;99.60;246.747393276;50;266696;431076194367;98759492172;8114066875;1494009520;68267218;5718111895;224701084
big;200064;0;1799936;573412;256;1;1200;1252.800;211.322341;22.306608;9.356225;3.374553;23.31;92.63;246.805710227;46;266692;450722866399;100096853449;8122967152;1486226680;68098149;5796579666;222201937
big;200064;0;1799936;572900;256;1;1300;1281.600;234.442934;22.397869;9.377002;3.529986;21.34;87.96;246.784550448;44;266568;470326690790;100709401024;8385416009;1500501172;68567145;5835337578;225314534
big;200064;0;1799936;573042;256;1;1400;1303.200;251.561604;22.289250;9.460110;3.520781;20.74;84.59;246.887139073;42;266628;494457705653;100994214804;8229019955;1510941114;68764142;5859467206;222126253
big;200064;0;1799936;573030;256;1;1500;1339.200;276.413789;22.275837;9.651837;3.565491;19.61;81.40;246.759896029;40;266632;512732879291;101809227726;8136053736;1518552301;67844407;5958067138;220902543
big;200064;0;1799936;572502;256;1;1600;1440.0;352.977823;22.269262;9.805429;3.696202;18.90;74.11;247.076545501;37;266644;547601287883;102439671681;8141136315;1509770326;67837605;5944225995;220439953
big;200064;0;1799936;573416;256;1;1700;1440.0;353.617439;22.316076;9.834096;3.753273;18.30;74.64;246.779018063;37;266652;548868698151;102616845289;8236939993;1531097294;68678262;5977099674;221882831
big;200064;0;1799936;573552;256;1;1800;1504.800;401.464240;22.247433;9.834096;3.772735;18.24;72.93;246.690082306;36;266620;573614742646;102597261254;8265608382;1528011587;68316758;5993238179;222650160
big;200064;0;1799936;572742;256;1;1900;1594.800;468.812491;22.252430;9.845142;3.915018;17.49;70.70;246.776343475;35;266712;590871694844;102937786576;8232095414;1517564064;68315072;5988125242;221546908
big;200064;0;1799936;573132;256;1;2000;1735.200;571.082145;22.203512;10.118662;4.213260;16.83;68.65;246.718771855;34;266652;605700430386;103181443698;8175814439;1549224781;68224165;6092153647;219375678
big;200064;0;1799936;572931;256;2;200;2894.400;131.929216;54.234808;26.575098;8.643495;113.74;558.89;716.788774452;93;266728;309823530138;102706438236;8327765786;1405156778;82822346;5421586280;246192934
big;200064;0;1799936;573369;256;2;300;2088.00;124.363495;39.959431;18.655642;6.074511;76.45;350.00;503.349922131;84;266604;312025785711;99856129121;8338688707;1367489519;78004987;5313605921;238248999
big;200064;0;1799936;573011;256;2;400;1695.600;121.921277;32.973099;14.835830;4.962284;59.62;252.73;398.607639980;78;266580;317012463337;97783652084;8343369145;1342481206;74114427;5223687068;232459335
big;200064;0;1799936;573136;256;2;500;1465.200;122.947503;28.596253;12.603749;4.277169;48.84;205.59;336.694828513;75;266584;329844184184;97171082049;8347351498;1336843634;72185124;5201492747;229753127
big;200064;0;1799936;573051;256;2;600;1317.600;124.926052;25.747174;11.126215;3.830595;44.62;173.66;295.780627252;73;266700;344010619981;96837454220;8350460110;1334386991;71522532;5221420917;227744525
big;200064;0;1799936;573014;256;2;700;1216.800;127.789070;23.873299;10.116032;3.477386;37.08;155.29;267.655507397;71;266608;359344750460;96995795347;8346301051;1366326100;70784352;5264191150;225594171
big;200064;0;1799936;572930;256;2;800;1195.200;142.350065;23.008555;9.701018;3.324057;35.62;141.40;255.878427734;69;266680;386055738434;98912812902;8338557161;1369092426;71956615;5445296227;224666761
big;200064;0;1799936;572531;256;2;900;1198.800;158.878300;22.641933;9.494563;3.268038;32.25;132.69;250.299648621;65;266700;414276749481;100983449174;8330068580;1460672862;70791098;5717392995;223604311
big;200064;0;1799936;573413;256;2;1000;1216.800;179.666609;22.465197;9.394360;3.294864;30.34;126.05;247.687193470;63;266728;444198663076;103223164407;8339101115;1483464295;71545526;5962441966;224595099
big;200064;0;1799936;572827;256;2;1100;1242.000;201.015108;22.419961;9.375161;3.349305;28.08;118.59;247.296005941;59;266628;470438036150;104822643050;8335412971;1529810956;70587611;6089122002;224335956
big;200064;0;1799936;573105;256;2;1200;1274.400;225.413092;22.444683;9.386470;3.590213;26.62;113.05;247.145410425;56;266632;497553396898;106430823691;8590616639;1557356245;71294043;6223028276;225772275
big;200064;0;1799936;573800;256;2;1300;1303.200;250.363902;22.395239;9.446434;3.514995;25.55;108.98;246.975989034;54;266624;522103432785;107259498041;8480259729;1599829193;70587541;6384875050;224873936
big;200064;0;1799936;573599;256;2;1400;1328.400;268.425427;22.333697;9.548741;3.539191;24.74;105.47;246.965120805;52;266640;550574415957;107803254809;8387961402;1588504630;70039566;6362345475;221881183
big;200064;0;1799936;572935;256;2;1500;1364.400;295.891569;22.357893;9.724425;3.578115;24.19;101.10;246.932373431;50;266684;573991728315;108588149974;8364453920;1608403698;70861420;6416875365;222916926
big;200064;0;1799936;573169;256;2;1600;1479.600;379.359616;22.426799;9.838567;3.775365;22.09;95.15;246.901366912;47;266680;618326055404;109443984749;8564237063;1622155715;71763576;6517877823;225008934
big;200064;0;1799936;572798;256;2;1700;1479.600;379.088463;22.446261;9.848298;3.772472;21.87;95.07;247.095267526;47;266704;616944738944;109343082664;8448202884;1624191465;71284593;6519320757;224764106
big;200064;0;1799936;573518;256;2;1800;1551.600;431.895707;22.548831;9.846983;3.961832;21.54;93.20;246.891213499;46;266636;647441494449;109538231626;8694279001;1645386809;72422002;6560132101;227095824
big;200064;0;1799936;572748;256;2;1900;1652.400;506.808890;22.480714;9.975853;4.105693;20.74;91.68;247.022385740;45;266692;669104951118;110032294396;8419474801;1612607304;71501715;6539513027;222913132
big;200064;0;1799936;573781;256;2;2000;1807.200;618.172821;22.413912;10.179678;4.312411;20.91;89.11;246.693522797;44;266768;690265531366;110200607979;8406444075;1659095292;71318535;6596991802;221624615
little;200064;0;1799936;1498126;32;1;200;2286.000;36.492039;48.219209;21.425295;19.784175;115.27;467.01;583.093469159;99;37240;8477532007;6002469374;2451514934;;;;
little;200064;0;1799936;1497853;32;1;300;1638.000;26.819162;35.771419;15.164317;18.870776;79.96;331.32;412.092606939;99;37228;11473905211;3472330000;2484714466;;;;
little;200064;0;1799936;1493291;32;1;400;1324.800;21.908689;29.771600;12.183212;19.001487;65.17;265.62;330.614916541;99;37216;7920410747;2839590017;2410870558;;;;
little;200064;0;1799936;1492476;32;1;500;1130.400;18.785827;26.019379;10.315649;18.886819;55.40;223.23;279.659715168;99;37304;3250471855;5867562622;2412577586;;;;
little;200064;0;1799936;1491020;32;1;600;1015.200;16.991115;23.691040;9.168443;21.407411;48.95;198.29;248.330078742;99;37228;7164646990;5072019669;2413696799;;;;
little;200064;0;1799936;1491547;32;1;700;914.400;15.321854;21.720381;8.200077;23.595308;44.10;176.22;221.905923592;99;37300;5751320302;4091571634;2413872096;;;;
little;200064;0;1799936;1491209;32;1;800;864.00;14.438963;20.676797;7.664346;25.953629;41.77;163.92;207.439335108;98;37240;7907011608;3488913924;2413466260;;;;
little;200064;0;1799936;1491195;32;1;900;831.600;13.792772;20.004306;7.316923;28.919480;38.82;156.63;198.000334001;98;37240;2274990950;3339421194;2376787933;;;;
little;200064;0;1799936;1493174;32;1;1000;774.000;12.866223;18.873406;6.743583;31.446647;36.53;142.47;182.425749125;97;37292;4534583626;2550474363;2374935323;;;;
little;200064;0;1799936;1492808;32;1;1100;730.800;11.967552;17.918190;6.237571;38.226787;34.06;129.55;168.729889294;96;37296;9079602581;1925973800;2417463127;;;;
little;200064;0;1799936;1492280;32;1;1200;748.800;12.277103;18.170933;6.413255;38.789344;32.98;136.75;173.463470174;97;37244;5201141623;2172890928;2414387827;;;;
little;200064;0;1799936;1494063;32;1;1300;730.800;11.910744;17.740665;6.189179;43.653003;32.51;130.35;167.396685823;97;37160;5985030309;6121392068;2375081584;;;;
little;200064;0;1799936;1494009;32;1;1400;720.0;11.700870;17.391927;6.005868;49.093158;31.87;125.40;162.616184716;96;37244;4491420980;5928362829;2414718099;;;;
little;200064;0;1799936;1498477;32;2;200;1954.800;31.187066;41.644998;18.279552;18.553072;129.07;482.10;495.953045648;122;37208;2846728203;9824315054;7137052563;;;;
little;200064;0;1799936;1498477;32;2;300;1378.800;22.176160;30.845692;12.771017;17.394820;92.52;305.96;345.669947129;114;37276;4495033823;10757054872;6959758004;;;;
little;200064;0;1799936;1498597;32;2;400;1126.800;18.392379;26.112744;10.326169;17.260953;74.13;230.45;279.633758809;108;37208;6967690803;5075082524;7006529175;;;;
little;200064;0;1799936;1498212;32;2;500;986.400;16.178182;23.373862;8.959621;17.466619;63.65;190.85;242.336212430;104;37212;9635733016;9129467363;6992244123;;;;
little;200064;0;1799936;1498725;32;2;600;892.800;14.701700;21.607554;8.007824;20.043493;57.16;167.29;216.673261103;103;37280;6256028076;13424499104;7044431764;;;;
little;200064;0;1799936;1498184;32;2;700;828.00;13.713346;20.324903;7.366367;22.472298;51.63;152.53;199.243053404;102;37224;8217737275;9237561966;7021149012;;;;
little;200064;0;1799936;1498227;32;2;800;777.600;12.921979;19.389149;6.859829;24.997098;48.54;140.36;185.693821607;101;37208;5708302449;5065093693;7076914407;;;;
little;200064;0;1799936;1498503;32;2;900;745.200;12.355740;18.668003;6.490577;27.797785;45.32;131.98;175.652801858;100;37288;7524540411;5133599079;7044303562;;;;
little;200064;0;1799936;1498381;32;2;1000;712.800;11.794761;17.952380;6.149992;30.757061;43.47;124.47;166.472876367;100;37352;8697795957;5162840653;7087620227;;;;
little;200064;0;1799936;1499145;32;2;1100;673.200;10.970782;17.121037;5.683430;37.203717;40.07;114.47;153.784884465;100;37276;12354922046;9469863778;7047758859;;;;
little;200064;0;1799936;1500054;32;2;1200;673.200;10.990770;17.120774;5.685534;37.347052;41.25;114.40;153.669643097;100;37344;4983986871;5106121297;7053736529;;;;
little;200064;0;1799936;1498588;32;2;1300;662.400;10.784315;16.835682;5.529838;42.136545;39.66;110.84;149.586485940;100;37280;4292573531;9654414755;7093858261;;;;
little;200064;0;1799936;1499709;32;2;1400;662.400;10.726192;16.598193;5.448308;47.784470;38.80;108.29;147.283767170;99;37268;10447923102;5454656707;7064238857;;;;
little;200064;0;1799936;1295725;64;1;200;2509.200;40.490428;53.188068;23.492738;21.587566;122.05;511.64;636.896357465;99;69932;7740648348;3813676735;2729465042;;;;
little;200064;0;1799936;1294820;64;1;300;1789.200;29.645623;39.483927;16.574786;20.586325;85.51;362.48;448.983651128;99;70008;4292649355;5650414346;2645471217;;;;
little;200064;0;1799936;1292802;64;1;400;1447.200;24.279108;32.881312;13.276240;20.597108;69.23;290.28;359.429252752;99;70008;4252247608;4678202272;2681887126;;;;
little;200064;0;1799936;1289908;64;1;500;1249.200;21.055780;29.103843;11.369490;20.783838;60.28;247.19;307.923856076;99;69924;5844302571;3792250949;2685819207;;;;
little;200064;0;1799936;1289725;64;1;600;1112.400;18.813705;26.329719;10.022404;23.512989;52.36;217.26;271.146538376;99;70004;2532220200;2963706107;2686873599;;;;
little;200064;0;1799936;1286957;64;1;700;1026.000;17.375095;24.617063;9.137146;26.274226;48.07;197.42;247.365183912;99;70000;7792964264;2419984063;2693932197;;;;
little;200064;0;1799936;1287264;64;1;800;950.400;16.089025;23.107969;8.388122;28.676468;43.99;180.03;226.931577642;98;69984;5137980563;1629587403;2691766075;;;;
little;200064;0;1799936;1289282;64;1;900;903.600;15.215865;22.128031;7.911040;31.742785;41.28;169.13;214.197255651;97;69988;4351021551;5485301434;2690004318;;;;
little;200064;0;1799936;1288418;64;1;1000;885.600;14.701700;21.680142;7.677759;35.388491;39.77;162.30;207.827051094;96;69936;5150302427;5635938629;2655007180;;;;
little;200064;0;1799936;1291237;64;1;1100;820.800;13.484536;20.305441;6.938203;42.611260;36.22;142.23;187.829292041;94;69928;9174056094;4567217018;2696124900;;;;
little;200064;0;1799936;1290864;64;1;1200;824.400;13.546867;20.401962;6.967659;42.772742;36.55;142.92;188.687232327;94;69988;6704504698;4704247539;2657876464;;;;
little;200064;0;1799936;1291116;64;1;1300;802.800;13.224429;19.872806;6.710445;48.071403;34.86;135.02;181.473833399;93;69984;8689940345;4361160223;2700360660;;;;
little;200064;0;1799936;1293899;64;1;1400;824.400;13.515833;20.031395;6.845627;55.513514;35.37;138.48;184.896943954;93;69932;13469247203;4385107620;2656737841;;;;
little;200064;0;1799936;1295290;64;2;200;2232.00;35.935531;47.627459;20.852481;20.642081;138.19;517.03;564.818188102;115;70120;8792672362;8994891391;7381898867;;;;
little;200064;0;1799936;1295048;64;2;300;1587.600;25.910234;35.503422;14.638317;19.593763;98.39;341.32;396.368336120;110;70060;11617618184;10126899196;7249722086;;;;
little;200064;0;1799936;1295684;64;2;400;1306.800;21.485259;30.311013;11.930469;19.640051;80.25;262.04;323.144306163;105;70056;6722125951;9177638547;7303260851;;;;
little;200064;0;1799936;1295185;64;2;500;1152.00;19.042515;27.332275;10.426372;19.975113;69.39;219.01;282.301880599;101;69976;10322597831;9071966215;7323638258;;;;
little;200064;0;1799936;1294745;64;2;600;1044.00;17.357211;25.296129;9.360170;22.975154;61.80;190.79;253.430502145;99;70044;4301728986;13302656642;7304326132;;;;
little;200064;0;1799936;1294658;64;2;700;972.00;16.197118;23.864620;8.630871;25.798722;56.11;174.18;233.540761488;98;70120;10077226647;9066356089;7358161948;;;;
little;200064;0;1799936;1295675;64;2;800;918.000;15.266361;22.782638;8.056742;28.689881;53.30;158.82;218.161179057;96;70060;5602046811;9013684628;7365345680;;;;
little;200064;0;1799936;1295788;64;2;900;871.200;14.510236;21.850040;7.590180;31.832994;50.24;149.26;205.437583959;96;70036;5890139155;8994148985;7332759123;;;;
little;200064;0;1799936;1295577;64;2;1000;838.800;13.856155;21.163084;7.220402;35.318796;48.46;141.27;195.341352302;96;70056;10735206202;8880188727;7370854279;;;;
little;200064;0;1799936;1294918;64;2;1100;795.600;12.938548;20.139488;6.705974;43.066513;43.58;128.91;181.339769015;94;70120;10783369458;9194376123;7346543242;;;;
little;200064;0;1799936;1296169;64;2;1200;792.00;12.927765;20.110821;6.685460;42.978145;44.44;128.88;180.862387028;95;70064;6375577867;13252365930;7335730074;;;;
little;200064;0;1799936;1295014;64;2;1300;781.200;12.743928;19.771025;6.513721;48.465640;42.31;124.41;176.189299480;94;69992;3599245234;9339951615;7388349620;;;;
little;200064;0;1799936;1295157;64;2;1400;781.200;12.618740;19.581139;6.437977;55.007502;41.39;122.28;173.829511458;93;70120;10716364696;9350780000;7346952042;;;;
little;200064;0;1799936;988774;128;1;200;2822.400;45.899286;60.433192;26.364435;24.149975;131.18;576.06;714.256691397;98;135532;7909380157;4890172182;3174807045;;;;
little;200064;0;1799936;989154;128;1;300;2019.600;33.629810;45.182085;18.646174;23.162936;93.57;409.51;504.819101639;99;135520;7458634380;6706213793;3109173753;;;;
little;200064;0;1799936;988702;128;1;400;1630.800;27.628150;37.564816;14.904999;23.163725;75.27;328.07;403.493444124;99;135532;5951007203;5448064204;3136202032;;;;
little;200064;0;1799936;988145;128;1;500;1414.800;24.094219;33.392058;12.833348;23.396217;64.96;281.54;347.420099272;99;135544;7743973936;4702201123;3096615080;;;;
little;200064;0;1799936;986501;128;1;600;1267.200;21.521290;30.330738;11.355814;26.675038;58.19;246.64;307.449080640;98;135460;6191769549;8436764552;3100188559;;;;
little;200064;0;1799936;985192;128;1;700;1180.800;19.975113;28.572057;10.469504;29.957015;52.62;226.85;283.407449657;98;135540;7129952394;8023856129;7359052068;;;;
little;200064;0;1799936;983295;128;1;800;1098.000;18.516778;26.942772;9.633690;32.884468;48.79;208.10;260.698948443;98;135596;6183503360;7468672487;3105050186;;;;
little;200064;0;1799936;985332;128;1;900;1047.600;17.525531;25.826337;9.098748;36.403408;45.95;193.47;246.430102771;96;135604;8542444305;2621915384;3069272681;;;;
little;200064;0;1799936;984312;128;1;1000;1011.600;17.008210;25.110714;8.729496;40.448611;43.82;182.35;236.260994969;95;135532;8120075561;6959407977;3112992399;;;;
little;200064;0;1799936;985698;128;1;1100;975.600;16.177130;24.170752;8.223484;49.852176;40.61;164.84;222.728661256;92;135548;11801029588;10965174642;3122857984;;;;
little;200064;0;1799936;987751;128;1;1200;964.800;16.036951;24.050561;8.155893;49.611268;41.28;162.06;220.793307794;91;135464;6817787898;10845113086;3120958184;;;;
little;200064;0;1799936;984769;128;1;1300;961.200;15.890460;23.693933;8.022289;56.663876;40.17;156.88;217.017355693;90;135468;3194212104;6525467564;3089545633;;;;
little;200064;0;1799936;984907;128;1;1400;961.200;15.831548;23.584262;7.939707;64.483918;39.48;153.07;214.408278197;89;135544;12093825315;6544245824;3131190080;;;;
little;200064;0;1799936;988383;128;2;200;2692.800;43.621969;57.427365;25.167259;24.100531;149.95;583.01;681.196897989;107;135524;10339402916;8301125377;7754291517;;;;
little;200064;0;1799936;988718;128;2;300;1911.600;31.567627;42.855587;17.610743;23.112703;106.60;398.94;476.680238491;105;135516;6169800952;5485371832;7737844766;;;;
little;200064;0;1799936;988919;128;2;400;1569.600;26.183491;36.489935;14.324032;23.279971;88.38;312.36;387.582816746;103;135596;7283634103;9070725596;7791166144;;;;
little;200064;0;1799936;988508;128;2;500;1400.400;23.511937;33.132477;12.669499;23.753371;76.00;260.64;342.789163189;97;135588;7820729622;4694041488;7811442466;;;;
little;200064;0;1799936;989632;128;2;600;1278.000;21.441338;30.807557;11.433662;27.413279;68.26;227.35;309.405406218;95;135528;7567603529;4460480649;7819411825;;;;
little;200064;0;1799936;988786;128;2;700;1188.00;19.971694;29.004692;10.528942;30.722082;62.58;203.89;285.131461332;93;135584;6582177300;8560318071;7793767679;;;;
little;200064;0;1799936;988640;128;2;800;1123.200;18.912856;27.765436;9.886959;34.158177;58.09;187.20;267.767936705;91;135512;7185589405;8543305080;7877681754;;;;
little;200064;0;1799936;989259;128;2;900;1072.800;17.933444;26.728953;9.342549;37.991139;54.89;174.55;253.067816077;90;135512;15096389421;8336449765;7766577756;;;;
little;200064;0;1799936;988960;128;2;1000;1033.200;17.121826;25.829230;8.886770;42.137597;52.45;166.09;240.646219354;90;135596;12306002446;8185978647;7879699354;;;;
little;200064;0;1799936;989340;128;2;1100;979.200;16.086395;24.644415;8.263723;51.491192;49.44;149.58;223.754690238;88;135592;8148831008;3845523000;7806344208;;;;
little;200064;0;1799936;988754;128;2;1200;979.200;16.197644;24.623112;8.270298;51.513547;48.74;149.70;223.818063840;88;135520;11772461769;8198599619;7772667839;;;;
little;200064;0;1799936;988735;128;2;1300;964.800;15.897824;24.199945;8.049378;57.999653;47.40;144.43;217.541750141;87;135596;8658098083;8267602405;7775414719;;;;
little;200064;0;1799936;989157;128;2;1400;964.800;15.746599;24.004273;7.946019;65.941201;46.54;142.01;214.859969398;87;135596;8888335605;8320200374;7812944135;;;;
little;200064;0;1799936;573454;256;1;200;3272.400;53.575467;70.366965;30.506685;27.826715;147.02;664.19;826.522995461;97;266548;8019368421;5948588542;3795442749;;;;
little;200064;0;1799936;573119;256;1;300;2332.800;39.074962;52.658649;21.445283;26.575887;103.35;472.32;580.597792938;98;266676;9272322629;7409948305;3752381209;;;;
little;200064;0;1799936;572824;256;1;400;1944.00;32.265103;44.536157;17.296721;26.821529;83.47;384.68;468.447221294;99;266668;11020825320;10486684092;3728545556;;;;
little;200064;0;1799936;573013;256;1;500;1677.600;28.095238;39.589390;14.829781;26.946717;72.15;327.03;401.599857746;99;266612;11142848821;5254845720;3763549619;;;;
little;200064;0;1799936;572736;256;1;600;1508.400;25.166996;36.067031;13.175511;30.789147;64.41;287.31;356.636054541;98;266600;9635439089;4685844205;3683051868;;;;
little;200064;0;1799936;572815;256;1;700;1396.800;23.214221;33.906486;12.105627;34.568194;58.22;262.84;327.823944669;97;266604;7275682053;4349948135;3719741747;;;;
little;200064;0;1799936;573084;256;1;800;1314.000;22.124349;32.186203;11.274284;38.307528;54.57;242.60;305.134294883;97;266532;8579915621;4024925056;3680305462;;;;
little;200064;0;1799936;573889;256;1;900;1260.00;21.237776;31.065297;10.690424;42.706466;52.31;225.68;288.987331178;96;266536;5263973925;3690673696;3644611376;;;;
little;200064;0;1799936;572217;256;1;1000;1209.600;20.473235;30.151898;10.248584;47.484913;49.22;208.81;276.669635435;93;266552;4502130589;3691381188;3694393314;;;;
little;200064;0;1799936;573058;256;1;1100;1177.200;19.495138;29.360794;9.792805;58.945664;46.34;185.04;264.911753822;87;266616;4733744098;8188907429;3675083566;;;;
little;200064;0;1799936;571905;256;1;1200;1173.600;19.412556;29.376048;9.783337;58.870709;46.76;183.56;264.778038777;86;266672;8843686940;8187273466;3718174084;;;;
little;200064;0;1799936;573811;256;1;1300;1177.200;19.277111;29.183795;9.663935;67.426362;45.58;175.02;261.399742086;84;266608;6263544827;12810554483;8173275948;;;;
little;200064;0;1799936;573318;256;1;1400;1191.600;19.569567;29.332390;9.794383;77.807761;45.92;175.92;264.261025767;83;266596;4089687732;4436518546;3728836772;;;;
little;200064;0;1799936;573675;256;2;200;3276.00;52.859581;70.043475;30.547187;28.641489;167.19;669.83;827.243537239;100;266652;7497866914;7860389287;8418427907;;;;
little;200064;0;1799936;572483;256;2;300;2336.400;38.557378;52.723084;21.550746;27.822244;118.81;478.08;583.537090260;102;266588;13277325587;5546327693;8404316699;;;;
little;200064;0;1799936;572711;256;2;400;1940.400;32.580440;45.426675;17.699111;28.142052;97.94;377.95;479.248948705;99;266592;8434078386;9081416824;8378978787;;;;
little;200064;0;1799936;572769;256;2;500;1728.00;29.231398;41.183170;15.657179;28.735643;86.30;309.42;423.877936509;93;266652;8098338387;4413496915;8387315646;;;;
little;200064;0;1799936;572936;256;2;600;1573.200;26.558792;38.143679;14.090751;33.017809;76.11;266.85;381.691788613;89;266664;9165776740;12345113414;8391440407;;;;
little;200064;0;1799936;573787;256;2;700;1468.800;24.801952;35.981293;13.020341;36.985953;69.72;239.29;352.580108452;87;266592;9019376282;11793722999;8389675319;;;;
little;200064;0;1799936;574070;256;2;800;1389.600;23.431722;34.487716;12.212405;41.104270;65.17;220.71;330.615218895;86;266720;10802469336;11375053298;8380456448;;;;
little;200064;0;1799936;573466;256;2;900;1328.400;22.274259;33.263714;11.580679;45.672054;61.84;203.36;313.563453809;84;266728;10475623825;11194841306;8393349287;;;;
little;200064;0;1799936;572958;256;2;1000;1278.000;21.331667;32.048391;11.008391;50.619610;57.94;191.75;298.167460954;83;266588;9663057012;11003770526;8389357701;;;;
little;200064;0;1799936;573319;256;2;1100;1216.800;20.285453;30.704198;10.285404;62.365979;54.81;174.10;277.985532493;82;266644;9800418820;10925871063;8389948776;;;;
little;200064;0;1799936;573203;256;2;1200;1213.200;20.095830;30.656595;10.259104;62.262883;54.82;173.97;277.602991307;82;266720;9614295308;10993592347;8350854368;;;;
little;200064;0;1799936;573898;256;2;1300;1198.800;19.847295;30.222382;10.012673;70.196804;53.30;168.30;270.718303620;81;266584;9895631550;11092550848;8387015945;;;;
little;200064;0;1799936;572216;256;2;1400;1202.400;19.699489;30.002777;9.946397;80.041157;52.57;164.38;268.373835725;80;266600;8562240830;7025099115;8385792811;;;;
